date,actual,arima,prophet,exp_smoothing,linear_regression,ensemble,arima_error,prophet_error,exp_smoothing_error,linear_regression_error,ensemble_error,arima_pct_error,prophet_pct_error,exp_smoothing_pct_error,linear_regression_pct_error,ensemble_pct_error,year,month,month_name,week,day_of_week,forecast_period
2017-04-12,791762.312883,803434.2786337998,925074.6956404892,727462.8008850605,748850.5039287171,801205.5697720166,11671.965750799747,133312.38275748922,64299.51199793955,42911.8089542829,9443.2568890166,1.4741754641363605,16.837424639733893,8.121062464290492,5.419784227671878,1.1926883529769678,2017,4,April,15,Wednesday,Test Period (Apr-Aug 2017)
2017-04-13,737029.565183,702181.6235519862,792297.2226669822,766677.7632292049,754040.2033512947,753799.2031998669,34847.94163101388,55267.657483982155,29648.198046204867,17010.63816829468,16769.63801686687,4.728160616238148,7.4987029143477475,4.022660615906689,2.3079994306701987,2.27530058617161,2017,4,April,15,Thursday,Test Period (Apr-Aug 2017)
2017-04-14,740889.486829,790851.1640594557,895793.7923492445,667127.2156168757,744118.6061387002,774472.694541069,49961.677230455796,154904.30552024452,73762.27121212427,3229.1193097002106,33583.20771206904,6.743472288193926,20.90788279143135,9.95590739555856,0.4358435862709851,4.532822817584422,2017,4,April,15,Friday,Test Period (Apr-Aug 2017)
2017-04-17,775916.9059055,759027.1230436504,-1257905.2760761424,745826.8864341477,745610.5088480536,248139.81056242733,16889.782861849642,2033822.1819816425,30090.019471352338,30306.39705744642,527777.0953430727,2.1767514966231025,262.11855502853865,3.8779950845686355,3.905881780224734,68.01979584748878,2017,4,April,16,Monday,Test Period (Apr-Aug 2017)
2017-04-18,717196.315762,744413.4618784372,-1257809.8921380297,783710.719131903,728313.2536341043,249656.8856266037,27217.146116437158,1975006.2079000296,66514.40336990298,11116.93787210423,467539.4301353963,3.794936688641483,275.3787442147752,9.27422546771359,1.5500550724793964,65.18988174648518,2017,4,April,16,Tuesday,Test Period (Apr-Aug 2017)
2017-04-19,735733.2142477001,800983.203694915,859791.6045117596,722534.2594638753,690076.4145137116,768346.3705460655,65249.98944721499,124058.39026405953,13198.954783824738,45656.799733988475,32613.156298365444,8.868702429580297,16.86187164880294,1.793986533192048,6.205618945812218,4.432742149844759,2017,4,April,16,Wednesday,Test Period (Apr-Aug 2017)
2017-04-20,675804.0219027,703847.6780512639,805499.2475517103,800548.7901049341,673961.2048864587,745964.2301485918,28043.656148563954,129695.22564901039,124744.76820223418,1842.817016241257,70160.20824589184,4.149672869600292,19.191247972135255,18.458719415581477,0.2726851212061268,10.381738784027728,2017,4,April,16,Thursday,Test Period (Apr-Aug 2017)
2017-04-21,795795.893872,798468.3160859391,842861.6317822522,680781.9490129801,706458.5114513099,757142.6020831204,2672.4222139390185,47065.73791025218,115013.94485901995,89337.38242069015,38653.291788879666,0.33581754247765255,5.914297657562742,14.45269393128075,11.22616780365791,4.8571866337245595,2017,4,April,16,Friday,Test Period (Apr-Aug 2017)
2017-04-24,755072.530945,765851.598683533,702794.3061775288,734673.0901703277,771717.6664630806,743759.1653736176,10779.06773853302,52278.2247674712,20399.440774672315,16645.135518080555,11313.365571382456,1.4275539496904535,6.923603048046675,2.7016531443862344,2.204441935829473,1.498315076728242,2017,4,April,17,Monday,Test Period (Apr-Aug 2017)
2017-04-25,718996.080637,758248.8838100967,889363.1461003213,834362.7690874159,743619.840574546,806398.659893095,39252.80317309662,170367.06546332128,115366.68845041585,24623.759937545983,87402.57925609499,5.459390423703047,23.69513131592919,16.045523968392967,3.4247418867332873,12.15619689868963,2017,4,April,17,Tuesday,Test Period (Apr-Aug 2017)
2017-04-26,781159.2829995,824149.0432389312,-1280041.0065924586,925592.3921693251,721451.6861643356,297788.0287450333,42989.76023943117,2061200.2895919587,144433.1091698251,59707.59683516447,483371.25425446674,5.503328344810655,263.8642763966588,18.48958494293635,7.643459936352402,61.87870576131604,2017,4,April,17,Wednesday,Test Period (Apr-Aug 2017)
2017-04-27,624910.0260955,727452.6109535076,-1286603.2211475333,926462.5036325528,709899.9672997348,269302.96518456546,102542.58485800761,1911513.2472430333,301552.4775370528,84989.94120423484,355607.0609109345,16.409175813469325,305.8861543935146,48.25534316054788,13.600348475005347,56.90532173612301,2017,4,April,17,Thursday,Test Period (Apr-Aug 2017)
2017-04-28,797636.6251025,816123.8229960997,833293.801297951,775549.5531580743,695158.6059297601,780031.4458454713,18487.197893599747,35657.17619545106,22087.071944425697,102478.01917273982,17605.17925702862,2.3177468676571937,4.47035342576815,2.769064414712327,12.847707332843564,2.2071678635326295,2017,4,April,17,Friday,Test Period (Apr-Aug 2017)
2017-05-01,1306699.366897,778029.6668795142,773122.7578166992,821392.0682369161,999453.8935159314,842999.5966122653,528669.7000174858,533576.6090803008,485307.2986600839,307245.47338106856,463699.77028473467,40.45840331834782,40.83392267552539,37.139935240998554,23.513095755964123,35.48633924770896,2017,5,May,18,Monday,Test Period (Apr-Aug 2017)
2017-05-02,907324.094113,754748.3924090962,806422.2105924911,892571.5698901193,888762.9705371083,835626.2858572038,152575.70170390373,100901.88352050888,14752.524222880718,18561.123575891717,71697.8082557962,16.816009041737367,11.120820462631995,1.6259376686455995,2.045699402928021,7.902116643985739,2017,5,May,18,Tuesday,Test Period (Apr-Aug 2017)
2017-05-03,924247.257204,805084.618623203,661161.0372492516,811014.9321053118,851950.438935929,782302.7567284239,119162.63858079701,263086.2199547484,113232.32509868825,72296.81826807105,141944.50047557615,12.892939378720323,28.464917575263083,12.251302258795407,7.822237794546538,15.357849251831334,2017,5,May,18,Wednesday,Test Period (Apr-Aug 2017)
2017-05-04,716654.608983,715195.4228160309,755139.4428784437,833168.4371587911,862632.7112325691,791534.0035214587,1459.186166969128,38484.833895443706,116513.82817579107,145978.10224956903,74879.39453845867,0.2036107978207033,5.370067172254329,16.258017002239768,20.369380231395652,10.448463402017262,2017,5,May,18,Thursday,Test Period (Apr-Aug 2017)
2017-05-05,780798.407016,806831.386293035,-1335882.1849610764,764617.480951345,834216.2439590371,267445.7315605852,26032.97927703499,2116680.5919770766,16180.926064655068,53417.83694303711,513352.6754554148,3.3341486154570914,271.09181742140794,2.072356439160037,6.841437746675945,65.74714687460873,2017,5,May,18,Friday,Test Period (Apr-Aug 2017)
2017-05-08,776307.495015,784972.6496058134,-1344284.5164718188,781499.9462177107,842874.4823861006,266265.6404344515,8665.154590813443,2120592.011486819,5192.451202710741,66566.98737110058,510041.8545805485,1.1162013308458414,273.1639234586862,0.6688652674428207,8.57482219333904,65.70100866676462,2017,5,May,19,Monday,Test Period (Apr-Aug 2017)
2017-05-09,715811.198881,751546.441205,874037.692267073,878902.936913476,798247.2625049034,825683.583222613,35735.24232399999,158226.49338607292,163091.73803247593,82436.06362390332,109872.38434161292,4.992272037635554,22.10450096805167,22.784183634934873,11.516453466049766,15.34935252666795,2017,5,May,19,Tuesday,Test Period (Apr-Aug 2017)
2017-05-10,766101.907094,802720.3542549555,722755.8553493393,864088.9893431637,746017.4394075281,783895.6595887467,36618.44716095552,43346.05174466071,97987.08224916365,20084.46768647188,17793.752494746703,4.779840230375836,5.658000762468039,12.790345689237492,2.6216443922789416,2.322635191216594,2017,5,May,19,Wednesday,Test Period (Apr-Aug 2017)
2017-05-11,648650.413039,710066.4480626775,757627.0020486374,920346.0602098112,740553.4811222228,782148.2478608371,61416.03502367751,108976.58900963736,271695.6471708112,91903.06808322284,133497.83482183714,9.46827964479919,16.80051177321692,41.886298337171574,14.168351123472911,20.580860219665134,2017,5,May,19,Thursday,Test Period (Apr-Aug 2017)
2017-05-12,764812.415784,800227.3904836362,613030.5599591526,890531.9587944055,759965.2735960567,765938.7957083127,35414.97469963622,151781.85582484736,125719.5430104055,4847.142187943216,1126.3799243126996,4.630543904459601,19.84563177746763,16.437957911749105,0.6337687631514808,0.14727531889738757,2017,5,May,19,Friday,Test Period (Apr-Aug 2017)
2017-05-15,823035.572122,765403.9549621996,710937.9796982572,947570.2965868048,746155.2905221012,792516.8804423407,57631.61715980049,112097.59242374287,124534.72446480475,76880.28159989882,30518.6916796593,7.002323971394234,13.62001792154938,15.131147265448297,9.341064250926777,3.7080647196055168,2017,5,May,20,Monday,Test Period (Apr-Aug 2017)
2017-05-16,807803.8950783,753324.357603662,-1384421.6184453638,1121211.0516474657,753569.9142411218,310920.9262617214,54479.537474638084,2192225.513523664,313407.15656916564,54233.980837178184,496882.9688165786,6.74415384805212,271.3809040635008,38.79743072281017,6.713755797367295,61.510345746527506,2017,5,May,20,Tuesday,Test Period (Apr-Aug 2017)
2017-05-17,841407.607944,794690.2490518349,-1387804.4922170409,1188727.1527128264,741600.4960912982,334303.3514097297,46717.358892165124,2229212.100161041,347319.54476882634,99807.11185270187,507104.25653427036,5.552286246415115,264.93842926000815,41.2783936690934,11.86192172621103,60.26856089088521,2017,5,May,20,Wednesday,Test Period (Apr-Aug 2017)
2017-05-18,628487.989962,716803.2247791063,755078.7536360475,1234402.9412671854,734921.2632149791,860301.5457243295,88315.23481710628,126590.76367404743,605914.9513051853,106433.27325297904,231813.5557623295,14.052016303835183,20.14211340485622,96.40835799293801,16.934814181479307,36.88432547077717,2017,5,May,20,Thursday,Test Period (Apr-Aug 2017)
2017-05-19,773775.4378677,791085.627702724,700465.0750847294,1158511.667349246,711173.9286586664,840309.0746988415,17310.18983502395,73310.36278297065,384736.2294815461,62601.50920903357,66533.63683114154,2.237107691441563,9.474371916610934,49.72194911507752,8.090397568258965,8.598571830412308,2017,5,May,20,Friday,Test Period (Apr-Aug 2017)
2017-05-22,778935.156126,761488.8450203012,742926.0620442254,903070.8769781822,815073.6506578261,805639.8586751337,17446.311105698813,36009.09408177459,124135.72085218225,36138.494531826116,26704.702549133683,2.239764243337954,4.622861582068557,15.936592394874799,4.639474062457181,3.4283601579813596,2017,5,May,21,Monday,Test Period (Apr-Aug 2017)
2017-05-23,723151.767982,766239.6291738865,606294.5412720023,957050.183250424,777759.0987893399,776835.8631214132,43087.86119188648,116857.22670999775,233898.41526842397,54607.330807339866,53684.09513941314,5.958342784962807,16.15943317626051,32.344305251597746,7.551296038413212,7.423627724678313,2017,5,May,21,Tuesday,Test Period (Apr-Aug 2017)
2017-05-24,746303.6271255,805690.3851591675,802228.6888694646,1082774.8091551943,768079.5954281328,864693.3696529899,59386.75803366746,55925.06174396456,336471.1820296943,21775.9683026328,118389.7425274899,7.957452687507957,7.493607120652528,45.08502569197786,2.917843021412906,15.86348213038783,2017,5,May,21,Wednesday,Test Period (Apr-Aug 2017)
2017-05-25,620108.24391,721191.9132092947,-1385508.4749988709,1024883.0306190018,730087.1989350917,272663.41694112937,101083.6692992947,2005616.7189088708,404774.78670900187,109978.95502509177,347444.8269688706,16.300971691962474,323.4301008905726,65.27485978202046,17.735444755843897,56.02970616518643,2017,5,May,21,Thursday,Test Period (Apr-Aug 2017)
2017-05-26,984511.1521135,793040.5146298768,-1381978.2094692604,223709.3423268757,775242.870414714,102503.62947555153,191470.63748362323,2366489.3615827607,760801.8097866244,209268.28169878607,882007.5226379485,19.448295438054053,240.3720218407377,77.27711444947806,21.25606005066974,89.58837294473487,2017,5,May,21,Friday,Test Period (Apr-Aug 2017)
2017-05-29,776813.137038,760437.1337693023,776743.4367997102,974135.7294924444,783170.9362041166,823621.8090663934,16376.003268697765,69.7002382898936,197322.59245444438,6357.799166116514,46808.67202839337,2.1081007114709345,0.00897258748167695,25.401551936523415,0.8184464014549105,6.025731259756436,2017,5,May,22,Monday,Test Period (Apr-Aug 2017)
2017-05-30,742471.2769905,753651.7641088502,728331.8527226441,892419.8698691402,759093.3517863583,783374.2096217482,11180.487118350109,14139.424267855939,149948.59287864016,16622.074795858236,40902.93263124814,1.5058477633866993,1.904373233826371,20.195877945128746,2.2387498763902913,5.509025587769841,2017,5,May,22,Tuesday,Test Period (Apr-Aug 2017)
2017-05-31,858062.149411,794878.4519069948,776033.3906714404,886581.519094083,842881.9139869404,825093.8189148647,63183.69750400516,82028.75873955956,28519.36968308303,15180.23542405956,32968.330496135284,7.363533929025581,9.559768927678094,3.3236951079428914,1.7691300606232003,3.842184452345993,2017,5,May,22,Wednesday,Test Period (Apr-Aug 2017)
2017-06-01,766859.172845,717387.1323332347,643752.6262969661,737338.22922824,886316.6312519116,746198.6547775881,49472.0405117654,123106.54654803395,29520.94361676008,119457.45840691158,20660.518067411962,6.45125497139549,16.053344721862853,3.849591249882192,15.577496186650777,2.6941736891224393,2017,6,June,22,Thursday,Test Period (Apr-Aug 2017)
2017-06-02,918421.319125,795709.9156386213,754076.6668061801,787140.3989211078,760059.9766733473,774246.7395098142,122711.40348637872,164344.6523188199,131280.92020389228,158361.34245165274,144174.57961518585,13.361123150243131,17.894254945583647,14.294193467652347,17.242777269426522,15.698087208226404,2017,6,June,22,Friday,Test Period (Apr-Aug 2017)
2017-06-05,912693.8511,764062.967691353,-1347763.0906542966,774098.2065220615,930063.1008685884,280115.29610692663,148630.8834086469,2260456.9417542964,138595.64457793848,17369.24976858846,632578.5549930733,16.284856442224687,247.66869405660407,15.18533782285262,1.9030751382464812,69.30895329585873,2017,6,June,23,Monday,Test Period (Apr-Aug 2017)
2017-06-06,805546.647956,763302.9520351741,-1341476.726435447,734209.9715201616,910448.1688756885,266621.0914988941,42243.69592082582,2147023.374391447,71336.67643583834,104901.52091968851,538925.5564571058,5.244102998630221,266.529986790873,8.855685343219855,13.022401767280195,66.90184334136075,2017,6,June,23,Tuesday,Test Period (Apr-Aug 2017)
2017-06-07,842979.8370823,812267.28230487,827631.3956966711,744412.6501825312,864721.9784967802,812258.3266702131,30712.55477743002,15348.441385628888,98567.18689976877,21742.141414480167,30721.51041208685,3.64333207348488,1.8207364767765404,11.692709904062115,2.579200647281613,3.644394451760477,2017,6,June,23,Wednesday,Test Period (Apr-Aug 2017)
2017-06-08,667099.801025,735555.5031354595,780401.0830253959,648608.6719862586,847173.6164224587,752934.7186423931,68455.70211045945,113301.28200039582,18491.129038741463,180073.81539745862,85834.91761739308,10.261688281914811,16.984157666710168,2.7718684686054185,26.993534568706938,12.86687801218162,2017,6,June,23,Thursday,Test Period (Apr-Aug 2017)
2017-06-09,795116.1360699,809100.4297369517,919782.8040643148,738534.4015470634,810001.3274747371,819354.7407057667,13984.293667051708,124666.6679944148,56581.73452283663,14885.191404837067,24238.604635866708,1.7587737228140374,15.679051441543773,7.116159760322413,1.87207764118731,3.048435761305673,2017,6,June,23,Friday,Test Period (Apr-Aug 2017)
2017-06-12,768349.7589517,773567.4475101758,693350.5803261623,764712.9539989679,833884.7355057709,766378.9293352693,5217.688558475813,74999.17862553766,3636.8049527320545,65534.97655407095,1970.8296164306812,0.6790772688722622,9.76107270832791,0.47332675130840657,8.529315691265884,0.2565016248745347,2017,6,June,24,Monday,Test Period (Apr-Aug 2017)
2017-06-13,729412.959849,760434.544844664,894544.068073328,706822.0320266068,775673.5872766387,784368.5580553093,31021.584995664074,165131.10822432803,22590.927822393132,46260.62742763874,54955.59820630937,4.252952264802922,22.638905162654744,3.0971382558201066,6.342172400832504,7.534222893117508,2017,6,June,24,Tuesday,Test Period (Apr-Aug 2017)
2017-06-14,785885.9088963,797301.1821818913,-1309357.8883531434,799251.1756197606,754032.1135124026,260306.6457402278,11415.273285591276,2095243.7972494434,13365.266723460634,31853.795383897377,525579.2631560722,1.452535686970506,266.60915707115913,1.7006624717614347,4.053234066587722,66.87729824475375,2017,6,June,24,Wednesday,Test Period (Apr-Aug 2017)
2017-06-15,660338.346974,726082.1970629399,-1305522.4996419789,634499.1756793482,755007.2038734283,202516.5192434344,65743.85008893989,1965860.846615979,25839.17129465181,94668.8568994283,457821.82773056556,9.956085450770962,297.7050864340281,3.9130199560664303,14.336416676882127,69.33140106561034,2017,6,June,24,Thursday,Test Period (Apr-Aug 2017)
2017-06-16,834786.4275550001,801677.352740451,869124.5299640534,712610.8959147632,742055.3900618097,781367.0421702693,33109.074814549065,34338.10240905336,122175.53164023685,92731.03749319038,53419.38538473076,3.9661731098721855,4.113399700283338,14.63554360821077,11.108354715922927,6.39916793343064,2017,6,June,24,Friday,Test Period (Apr-Aug 2017)
2017-06-19,791146.393731,779105.9069864088,818177.8547560069,714884.2983670395,786889.6703197326,774764.432607297,12040.486744591268,27031.461025006836,76262.09536396048,4256.7234112673905,16381.961123703048,1.5219037639556237,3.4167457804525974,9.63944169729611,0.5380449743558752,2.0706611637887495,2017,6,June,25,Monday,Test Period (Apr-Aug 2017)
2017-06-20,787326.7170395,757872.8688469118,861851.9520880078,687486.0729784355,786337.7940381647,773387.17198788,29453.848192588193,74525.2350485078,99840.64406106446,988.9230013353517,13939.545051619993,3.7409943743990213,9.465604740143588,12.680967367204875,0.12560516237196834,1.770490540958062,2017,6,June,25,Tuesday,Test Period (Apr-Aug 2017)
2017-06-21,766159.0112892,795416.8765138373,723932.3414512905,777858.040065979,751173.2054486031,762095.1158699276,29257.865224637208,42226.66983790952,11699.028776778956,14985.805840596906,4063.8954192724777,3.818771925087143,5.511475975053217,1.5269713733567187,1.9559654875533732,0.5304245410406704,2017,6,June,25,Wednesday,Test Period (Apr-Aug 2017)
2017-06-22,609868.8309586,722190.4974856932,829002.490420562,647546.9262467684,737150.5257698419,733972.6099807164,112321.66652709316,219133.65946196194,37678.095288168406,127281.69481124182,124103.77902211633,18.417348260042154,35.93127707765041,6.178065409400489,20.870339382843806,20.349257532484213,2017,6,June,25,Thursday,Test Period (Apr-Aug 2017)
2017-06-23,761049.7450639,796375.1953079032,-1295792.7657575049,741088.1884558315,741524.184388123,245798.7005985882,35325.45024400321,2056842.5108214049,19961.556608068524,19525.56067577703,515251.0444653118,4.641674275974848,270.2638722582722,2.622897745848728,2.5656089897431875,67.7026761794723,2017,6,June,25,Friday,Test Period (Apr-Aug 2017)
2017-06-26,755367.8450665,763957.9362109808,-1295847.056253272,887237.4756871647,774230.7642459117,282394.77997269627,8590.091144480743,2051214.901319772,131869.63062066468,18862.91917941172,472973.06509380374,1.137206355894657,271.55178959718495,17.457670654362488,2.497183233653677,62.61493233831853,2017,6,June,26,Monday,Test Period (Apr-Aug 2017)
2017-06-27,682218.468913,759203.2505168602,883674.1457942092,817584.0405557527,738122.3253263169,799645.9405482848,76984.7816038602,201455.67688120925,135365.57164275274,55903.85641331691,117427.47163528483,11.284476324207766,29.529496204081795,19.841968198022393,8.194421429603082,17.212590538978766,2017,6,June,26,Tuesday,Test Period (Apr-Aug 2017)
2017-06-28,731896.9850105,789118.1572653108,829403.178433056,833068.4726509305,706319.3848549856,789477.2983010707,57221.17225481081,97506.19342255604,101171.48764043057,25577.600155514316,57580.313290570746,7.818200296861436,13.322393098962854,13.823186829903275,3.49469948358202,7.867270185536382,2017,6,June,26,Wednesday,Test Period (Apr-Aug 2017)
2017-06-29,630811.802872,727554.201013655,869468.7005842524,716418.8271443085,708593.15633062,755508.7212682089,96742.39814165502,238656.89771225234,85607.02427230845,77781.35345862003,124696.9183962089,15.336174386909073,37.83329617893642,13.570929377438937,12.33035797752866,19.767689480203263,2017,6,June,26,Thursday,Test Period (Apr-Aug 2017)
2017-06-30,802273.1392327,789100.6848315779,728042.4520432681,822682.0329783286,765357.3434108269,776295.6283160005,13172.454401122057,74230.68718943186,20408.89374562865,36915.79582187312,25977.51091669954,1.6418914901875303,9.252545493474534,2.5438834665645005,4.601399949296528,3.237988366598516,2017,6,June,26,Friday,Test Period (Apr-Aug 2017)
2017-07-03,925143.408816,761022.8366816861,831510.8024896047,692540.2571356234,892775.1160713485,794462.2530945657,164120.57213431387,93632.6063263953,232603.1516803766,32368.292744651437,130681.15572143428,17.740014204322726,10.120874821583223,25.142388678752248,3.4987324598762943,14.125502541133619,2017,7,July,27,Monday,Test Period (Apr-Aug 2017)
2017-07-04,832359.2860137,769226.4036725054,-1303897.6372099963,799443.6205212061,857118.7006948318,280472.77191963675,63132.88234119455,2136256.923223696,32915.66549249389,24759.414681131835,551886.5140940632,7.584811439246132,256.65081883744796,3.9545021057111303,2.9746066508981452,66.30388143287676,2017,7,July,27,Tuesday,Test Period (Apr-Aug 2017)
2017-07-05,844301.613116,797675.6586733366,-1305579.1525797932,860802.5939985965,830400.7888320911,295824.97223105776,46625.95444266335,2149880.765695793,16500.980882596574,13900.82428390882,548476.6408849421,5.522428681686924,254.6342127384302,1.9543940964056261,1.6464287249915468,64.96216901217575,2017,7,July,27,Wednesday,Test Period (Apr-Aug 2017)
2017-07-06,700272.0099567,731078.8337397699,881833.9872135781,830492.9345431011,830407.1503301017,818453.2264566376,30806.82378306985,181561.97725687805,130220.92458640109,130135.1403734017,118181.21649993758,4.399265334762521,25.92735032606895,18.595763179861073,18.58351305251346,16.87647297330149,2017,7,July,27,Thursday,Test Period (Apr-Aug 2017)
2017-07-07,805792.302193,790493.3800175699,826326.9003446084,860120.5015808254,810441.5203543684,821845.575574343,15298.92217543011,20534.59815160837,54328.19938782544,4649.218161368393,16053.273381342995,1.8986185563939253,2.5483735815944804,6.742208785063944,0.5769747549977006,1.9922346413155463,2017,7,July,27,Friday,Test Period (Apr-Aug 2017)
2017-07-10,804158.8610365,760318.0865112897,866597.6022656186,762143.7982261016,804183.4326392788,798310.7299105722,43840.77452521026,62438.74122911866,42015.062810398405,24.571602778858505,5848.131125927786,5.451755449004544,7.764478420176809,5.22472173672801,0.0030555657556502664,0.7272357999500233,2017,7,July,28,Monday,Test Period (Apr-Aug 2017)
2017-07-11,730534.767701,759346.2434592888,724501.3764102317,803971.353731635,779414.5718294727,766808.386357657,28811.47575828887,6033.3912907682825,73436.58603063505,48879.80412847269,36273.618656657054,3.9438883722069606,0.8258869471408491,10.052442303566291,6.690962058150622,4.9653514466957525,2017,7,July,28,Tuesday,Test Period (Apr-Aug 2017)
2017-07-12,748799.9959087,789213.7542915985,828815.8099415398,837154.5706660217,729772.3053552808,796239.1100636101,40413.758382898406,80015.81403283973,88354.57475732162,19027.690553419292,47439.11415491009,5.397136565666594,10.685872658925058,11.799489214753487,2.5410911668513556,6.335351818123441,2017,7,July,28,Wednesday,Test Period (Apr-Aug 2017)
2017-07-13,629651.3629294999,728202.6357120527,-1314483.4115028072,787049.2890064658,717524.4428050362,229573.2390051869,98551.27278255275,1944134.774432307,157397.92607696587,87873.07987553626,400078.12392431305,15.651720711607073,308.76368874786124,24.997631283550355,13.955830964408653,63.539626447073786,2017,7,July,28,Thursday,Test Period (Apr-Aug 2017)
2017-07-14,765489.6173932999,792450.2466904008,-1315232.8584494272,847724.8118914478,696883.4670234943,255456.4167889789,26960.629297100822,2080722.475842727,82235.19449814782,68606.15036980563,510033.200604321,3.5220111004129735,271.8158977685618,10.74282297625159,8.962388099191758,66.62836294777225,2017,7,July,28,Friday,Test Period (Apr-Aug 2017)
2017-07-17,818325.522149,763259.5912502419,881647.9388441046,748164.2725209768,773594.3524749154,791666.5387725596,55065.93089875812,63322.41669510468,70161.24962802313,44731.16967408452,26658.98337644036,6.72909855654383,7.7380473883808545,8.573757964162363,5.466182889740045,3.2577480055163566,2017,7,July,29,Monday,Test Period (Apr-Aug 2017)
2017-07-18,730133.70894,766822.9310372584,826536.5123424418,766585.3265461478,741728.4366886991,775418.3016536369,36689.222097258316,96402.80340244179,36451.617606147774,11594.72774869902,45284.59271363681,5.02500044142919,13.203445098076392,4.992457841601071,1.588028001820669,6.202232845731842,2017,7,July,29,Tuesday,Test Period (Apr-Aug 2017)
2017-07-19,767978.778078,802764.3467934787,868854.9533210554,832188.8712889227,720604.9263075839,806103.2744277602,34785.56871547876,100876.17524305545,64210.09321092279,47373.85177041602,38124.496349760215,4.529496088750743,13.13528161487946,8.36092025506482,6.168640738872668,4.964264304955584,2017,7,July,29,Wednesday,Test Period (Apr-Aug 2017)
2017-07-20,688288.067857,742469.2835816932,727926.6090514495,823261.5536934612,727337.985721302,755248.8580119766,54181.215724693146,39638.54119444941,134973.4858364612,39049.91786430194,66960.79015497654,7.871880721888372,5.75900455718561,19.610028437178066,5.673484648060908,9.728599591078256,2017,7,July,29,Thursday,Test Period (Apr-Aug 2017)
2017-07-21,782418.2992188,802780.5872684154,927367.010140042,1000566.2879882344,711354.09129404,860516.994172683,20362.288049615338,144948.71092124202,218147.9887694344,71064.20792476006,78098.69495388295,2.602481060315936,18.525731193399363,27.88124830250554,9.082636231247864,9.981706081243246,2017,7,July,29,Friday,Test Period (Apr-Aug 2017)
2017-07-24,816564.327096,770784.8510362075,-1316062.3849658312,908807.7339062764,793332.4908487299,289215.6727063457,45779.47605979245,2132626.7120618313,92243.40681027644,23231.836247270112,527348.6543896543,5.606352682905085,261.1706930238097,11.296526648222263,2.845071169088537,64.58139755689525,2017,7,July,30,Monday,Test Period (Apr-Aug 2017)
2017-07-25,713581.632609,764529.3938089029,-1315313.002786754,966741.307026376,780351.5303327,299077.3070953062,50947.761199902976,2028894.635395754,253159.67441737605,66769.89772370004,414504.32551369374,7.139724296662117,284.3255126925985,35.47732492662019,9.357009019357138,58.08786361248978,2017,7,July,30,Tuesday,Test Period (Apr-Aug 2017)
2017-07-26,740653.044167,791066.874900684,892260.1232875532,921291.1467557338,706563.9682370954,827795.5282952667,50413.83073368401,151607.07912055322,180638.10258873377,34089.07592990459,87142.48412826669,6.806672993612494,20.469379058728254,24.389031276026742,4.602570150541134,11.765628294456599,2017,7,July,30,Wednesday,Test Period (Apr-Aug 2017)
2017-07-27,659849.8270588,735157.5279011135,839356.2073842111,827310.7976817925,696235.3796668294,774514.9781584867,75307.70084231347,179506.3803254111,167460.9706229925,36385.552608029335,114665.15109968663,11.412854524489054,27.204126297272644,25.378648861579507,5.514217192450211,17.37746171894786,2017,7,July,30,Thursday,Test Period (Apr-Aug 2017)
2017-07-28,835099.6822035,796873.0763168198,883814.2199828795,873248.337942386,689745.0968530045,810920.1827737724,38226.60588668019,48714.53777937952,38148.6557388861,145354.5853504954,24179.499429727555,4.577490172887528,5.833379992534663,4.568155940165943,17.40565688720678,2.895402781848432,2017,7,July,30,Friday,Test Period (Apr-Aug 2017)
2017-07-31,885856.8408705,775210.7716666019,743410.7305637167,782114.1518147145,873457.8089654526,793548.3657526214,110646.06920389808,142446.11030678323,103742.68905578542,12399.031905047363,92308.47511787852,12.49028783196731,16.080037285348105,11.710999370264068,1.3996654236889197,10.420247477817101,2017,7,July,31,Monday,Test Period (Apr-Aug 2017)
2017-08-01,988527.763204,762475.9378748117,851502.8332807363,912106.9293136944,934689.2437966488,865193.7360664728,226051.82532918826,137024.9299232636,76420.8338903056,53838.51940735115,123334.02713752713,22.867524185310973,13.861515581427946,7.730772643411819,5.446333569109949,12.476536494815168,2017,8,August,31,Tuesday,Test Period (Apr-Aug 2017)
2017-08-02,964712.016051,789581.8951970376,-1306665.1060709148,864126.0138754139,847503.3735317321,298636.5441333172,175130.12085396238,2271377.1221219148,100586.00217558607,117208.64251926786,666075.4719176828,18.153616617200303,235.44613152220103,10.426531493546623,12.149599110318489,69.04396968581662,2017,8,August,31,Wednesday,Test Period (Apr-Aug 2017)
2017-08-03,728068.485132,732196.5754584401,-1305391.4431814707,790938.0262010169,844893.8469501482,265659.2513570336,4128.090326440171,2033459.9283134707,62869.54106901691,116825.36181814829,462409.2337749663,0.5669920358785674,279.29514459684395,8.635113640115677,16.04593032164655,63.5117771498008,2017,8,August,31,Thursday,Test Period (Apr-Aug 2017)
2017-08-04,827775.686128,792626.5462191701,1004709.9169443528,872541.2933943478,815392.7497153803,871317.6265683128,35149.13990882994,176934.23081635276,44765.60726634774,12382.936412619776,43541.94044031273,4.2462155506455375,21.374659075090687,5.407939374946267,1.4959289841602073,5.260113478807806,2017,8,August,31,Friday,Test Period (Apr-Aug 2017)
2017-08-07,797464.963817,763488.129305911,857503.6260669968,803837.088344818,843814.0003599139,817160.7110194099,33976.83451108902,60038.66224999679,6372.124527817941,46349.03654291388,19695.747202409897,4.260605299631186,7.528689657113801,0.7990475841494395,5.812046753887224,2.4697946738798193,2017,8,August,32,Monday,Test Period (Apr-Aug 2017)
2017-08-08,717766.3491055,763460.7813566189,901274.8762402688,813821.5282394699,788072.87673287,816657.5156423069,45694.43225111882,183508.52713476878,96055.17913396982,70306.52762736997,98891.16653680685,6.366198736965653,25.566610550001695,13.382513578921106,9.79518303066003,13.777626474137122,2017,8,August,32,Tuesday,Test Period (Apr-Aug 2017)
2017-08-09,734139.67401,784654.3768876704,760245.4452055556,878153.96445834,730375.3597961804,788357.2865869366,50514.70287767041,26105.771195555688,144014.29044834,3764.314213819569,54217.612576936604,6.880802749938608,3.5559679063469454,19.616742637229866,0.5127517755930862,7.385190379480579,2017,8,August,32,Wednesday,Test Period (Apr-Aug 2017)
2017-08-10,651386.9119697,736453.9115676776,866938.4477743229,778534.7439177159,753800.9386347767,783932.0104736232,85066.99959797761,215551.53580462292,127147.83194801584,102414.02666507673,132545.09850392316,13.059365798546258,33.09116775970002,19.519555829505254,15.72245692738767,20.348136578784786,2017,8,August,32,Thursday,Test Period (Apr-Aug 2017)
2017-08-11,826373.722022,786846.1791828983,-1300373.1276799317,832933.2945762831,738434.2510291582,264460.149277102,39527.54283910175,2126746.8497019317,6559.572554283077,87939.47099284176,561913.572744898,4.783252635670018,257.35896399248196,0.7937779698794011,10.641610284710941,67.99751223574587,2017,8,August,32,Friday,Test Period (Apr-Aug 2017)
2017-08-14,760922.4060808,761293.0841517355,-1299865.6501710375,761145.0857761675,709112.8342985068,232921.33851384307,370.6780709355371,2060788.0562518374,222.67969536746386,51809.57178229315,528001.0675669569,0.04871430621221265,270.827621815753,0.029264441891571555,6.808785149216864,69.38960705421651,2017,8,August,33,Monday,Test Period (Apr-Aug 2017)
2017-08-15,762661.935939,771230.6749873615,924497.3392264168,768276.8418962558,746977.0213050249,802745.4693537648,8568.739048361545,161835.4032874168,5614.905957255862,15684.914633975131,40083.533414764795,1.123530445742201,21.2198086283358,0.7362247534148549,2.0566012140967342,5.255740653349035,2017,8,August,33,Tuesday,Test Period (Apr-Aug 2017)
