date,original,trend,seasonal,residual
2014-01-02,801011.226041,,-70100.29532617716,
2014-01-03,680672.845603,,26596.096132292514,
2014-01-06,602268.564009,,8424.339457712413,
2014-01-07,563450.5988595,,-39297.19780496294,
2014-01-08,636176.853478,,-61773.23060575886,
2014-01-09,496377.933414,,-29609.10458894058,
2014-01-10,543055.329066,,68388.73449616488,
2014-01-13,555547.0150185,,110146.2815550111,
2014-01-14,502643.104285,,30908.99703501245,
2014-01-15,567067.469069,,-2764.9024066745915,
2014-01-16,502789.214207,,40776.58620606367,
2014-01-17,542937.915657,,29619.260592620863,
2014-01-20,575850.061871,,44081.06402950401,
2014-01-21,538817.207912,,-54919.47767284316,
2014-01-22,553097.596874,,-52902.16491320288,
2014-01-23,460789.0398597,,9664.607825137544,
2014-01-24,526124.572256,,8590.562871459857,
2014-01-27,540798.833711,,47168.28636881329,
2014-01-28,481593.435798,,-59402.9225622106,
2014-01-29,512853.989922,,-60631.5130550505,
2014-01-30,453642.9707033,,-6067.437510427859,
2014-01-31,560816.192394,,-25164.70853246616,
2014-02-03,461637.5229585,,21497.25077497626,
2014-02-04,403189.5869763,,50230.68570348951,
2014-02-05,399138.3059075,,31038.194723717563,
2014-02-06,359139.101529,,71835.87897933937,
2014-02-07,389471.568011,,9362.84538378501,
2014-02-10,396622.737011,,19768.364807406833,
2014-02-11,358382.7339877,,96606.64207667635,
2014-02-12,387758.393971,,37231.73139354969,
2014-02-13,347373.2985675,,16101.675182271734,
2014-02-14,361206.4069057,,19677.410142662105,
2014-02-17,412029.2879535,,-27036.600179739195,
2014-02-18,365331.247942,,35464.61841599153,
2014-02-19,360161.6390075,,-45160.19307300054,
2014-02-20,322451.9201135,,25106.930641689672,
2014-02-21,369403.653633,,57849.91474940009,
2014-02-24,404224.188997,,-20695.83676898481,
2014-02-25,351418.110084,,2225.3503701288573,
2014-02-26,353604.266985,,-88033.34934836441,
2014-02-27,330330.185244,,5284.6579877752665,
2014-02-28,425624.795466,,22942.527935868464,
2014-03-03,613973.031386,,-35357.44833427867,
2014-03-04,748930.902096,,-5425.658205400585,
2014-03-05,741756.416525,,-87752.31853669231,
2014-03-06,614082.444339,,63795.79769830078,
2014-03-07,598242.341178,,179850.21569955023,
2014-03-10,587414.828974,,95104.36356649185,
2014-03-11,539365.375063,,90552.49029526392,
2014-03-12,575676.797032,,-52019.19461786213,
2014-03-13,473298.042544,,26694.910781057304,
2014-03-14,530515.2554715,,147586.45248523133,
2014-03-17,612719.522118,,29627.413381428676,
2014-03-18,537427.86875,,38852.39846239703,
2014-03-19,585974.657018,,-81750.60757927225,
2014-03-20,500897.112641,,95277.20297855801,
2014-03-21,548811.469984,,56066.1305734224,
2014-03-24,571762.044919,,-9187.809646069436,
2014-03-25,539861.6183493,,13987.649352933382,
2014-03-26,569680.543547,,-70731.48711960601,
2014-03-27,468581.39830400003,,13083.082262211232,
2014-03-28,538905.781947,,41422.856855614096,
2014-03-31,651800.509461,,-15535.073605256286,
2014-04-01,485079.887001,,-681.3257304135623,
2014-04-02,463917.316107,,-92851.66071903963,
2014-04-03,388867.961418,,-4986.140851786142,
2014-04-04,422578.745073,,135965.26913539134,
2014-04-07,426091.1040178,,266672.6622243945,
2014-04-08,376663.272105,,239111.44887661922,
2014-04-09,375309.08201199997,,67432.81902587354,
2014-04-10,334052.7571255,,97658.12181315733,
2014-04-11,379646.845927,,129970.27399832591,
2014-04-14,381386.309033,,40611.949018816566,
2014-04-15,364689.054991,,69418.40127233577,
2014-04-16,411357.084985,,-58012.06744185336,
2014-04-17,397464.842904,,16328.986290913876,
2014-04-18,394392.184115,,54150.342226080815,
2014-04-21,398677.396998,,45578.367558054844,
2014-04-22,370552.249018,,105274.25953425081,
2014-04-23,372232.595049,,-44347.36165910728,
2014-04-24,320875.477858,,14966.632862544604,
2014-04-25,357173.708433,,78337.1620383876,
2014-04-28,362271.9169815,,1636.4408019644761,
2014-04-29,326338.348031,,49345.49770585353,
2014-04-30,357079.964912,,-84344.03551238486,
2014-05-01,530380.848064,,3588.235323797082,
2014-05-02,443284.891212,,28364.83346985023,
2014-05-05,427601.704071,,-34494.90985892109,
2014-05-06,388945.890086,,66839.75938604072,
2014-05-07,391932.183945,,151521.23030319007,
2014-05-08,337483.713217,,185069.57044302695,
2014-05-09,381335.196055,,163307.0106924679,
2014-05-12,398251.889006,,48929.43524088302,
2014-05-13,360734.522978,,72449.01811271287,
2014-05-14,356373.806985,,-45784.92185944949,
2014-05-15,332272.8296378,,224213.29917616746,
2014-05-16,380822.742652,,71412.55663441563,
2014-05-19,388814.744958,,-65898.95625066107,
2014-05-20,354372.33997,,36475.85394927322,
2014-05-21,356898.483031,,-73930.7320835048,
2014-05-22,310660.142642,,41515.62911064875,
2014-05-23,349549.892726,,46665.705772651345,
2014-05-26,373831.086112,,6482.974576400811,
2014-05-27,327642.143098,,17888.41407116664,
2014-05-28,338481.784057,,-108678.63677808818,
2014-05-29,326624.5773325,,-17620.50209561632,
2014-05-30,375782.6398709,,-7271.653078147923,
2014-06-02,512725.7729758,,-70951.68586787385,
2014-06-03,443636.187975,,-59164.378871332636,
2014-06-04,423284.494993,,-147257.6346082833,
2014-06-05,359474.513823,,-23678.54183052179,
2014-06-06,391266.125449,,102892.27897083583,
2014-06-09,415798.946041,,373127.72244094196,
2014-06-10,351689.4229725,,194583.19726152823,
2014-06-11,373828.16418,,-11768.64412418312,
2014-06-12,329408.06736,,8950.202973671825,
2014-06-13,392308.374573,,20947.81352013057,
2014-06-16,447450.23987,,-39967.07495413652,
2014-06-17,380396.036044,,25535.176984626436,
2014-06-18,373408.6641423,,-157483.60183799954,
2014-06-19,332280.93509600003,,-38182.19076968219,
2014-06-20,369206.789547,,51515.71064982841,
2014-06-23,414929.6359765,,-46733.246204052135,
2014-06-24,340464.7450455,,17117.78538508479,
2014-06-25,355342.398017,,-107198.13906885592,
2014-06-26,315798.180924,,-2913.1286557788408,
2014-06-27,370793.573429,,27612.210953752612,
2014-06-30,429324.0552005,,-57243.88211195324,
2014-07-01,720480.616788,,-11804.443447418409,
2014-07-02,747430.1471275,,-140826.79438636627,
2014-07-03,583844.7207922,,-26764.111067521168,
2014-07-04,595424.31324,,89642.24013098852,
2014-07-07,638526.428909,,184206.95433091559,
2014-07-08,557291.4975265,,193164.23313350324,
2014-07-09,574451.409963,,2076.2991092059383,
2014-07-10,498047.54898,,73674.58817380467,
2014-07-11,535644.182793,,146191.8985329687,
2014-07-14,584867.15114,,35572.221958560505,
2014-07-15,562860.0268329,,70135.30099674406,
2014-07-16,621336.4939885,,-20942.100217703977,
2014-07-17,498221.7050971,,29389.73687155427,
2014-07-18,547619.0590519,,132618.32691308716,
2014-07-21,600228.430008,,100480.01193183915,
2014-07-22,530276.040011,,180157.70779844746,
2014-07-23,574168.635995,,129749.60048756246,
2014-07-24,484618.8170115,,212779.22870152083,
2014-07-25,579767.285128,,391392.78821029083,
2014-07-28,583936.68549,,459166.0938094908,
2014-07-29,524743.3250017,,512442.3121645551,
2014-07-30,578056.965281,,399160.5209764346,
2014-07-31,532423.558194,,104247.5280547263,
2014-08-01,506826.7949305,,184892.46839872352,
2014-08-04,471173.304022,,343515.75146496727,
2014-08-05,417197.476176,,277504.04152421805,
2014-08-06,402914.370941,,-671037.6215274888,
2014-08-07,359701.53298899997,,267942.7259833715,
2014-08-08,397759.9389829,,146902.95681666734,
2014-08-11,409544.575013,,132446.89814528648,
2014-08-12,353898.211991,,-36401.60681851058,
2014-08-13,372116.544964,,23083.370876897112,
2014-08-14,340740.8170565,,14170.03325970807,
2014-08-15,402631.8400593,,-44635.382240105784,
2014-08-18,433042.298907,,-32281.60521127646,
2014-08-19,379329.9530773,,-130326.10212613585,
2014-08-20,398126.790988,,-21358.37360711793,
2014-08-21,355108.8749955,,17063.77563736074,
2014-08-22,388359.8983235,,-61833.841323834626,
2014-08-25,412250.075007,,45270.513386324266,
2014-08-26,355053.9079745,,-141616.44661159767,
2014-08-27,366321.498077,,-46551.675404952504,
2014-08-28,327912.427,,-37707.6202517365,
2014-08-29,403288.917062,,-86701.05013281865,
2014-09-01,812526.219024,,-50013.53687980493,
2014-09-02,717351.552768,,-164220.76957634336,
2014-09-03,726683.8617375,,-37790.4001289186,
2014-09-04,551340.0774347,,173180.83998488286,
2014-09-05,603043.241921,,66096.97600331435,
2014-09-08,648651.744928,,72537.17826614714,
2014-09-09,562420.568002,,-50185.26093923791,
2014-09-10,612987.4722337,,67810.5162663143,
2014-09-11,483462.953022,,-64739.31735962398,
2014-09-12,564382.847851,,45380.39533701142,
2014-09-15,630710.5728885,495804.12644050334,107301.54277080276,27604.903677193957
2014-09-16,608239.973016,495145.24508159095,23941.583201131885,89153.14473327716
2014-09-17,617472.3442115,495505.2679779266,54541.620867143225,67425.45536643021
2014-09-18,479500.843061,495919.4106570573,9772.815525738042,-26191.383121795356
2014-09-19,550213.093909,496424.8321727162,31375.388470288264,22412.87326599557
2014-09-22,589120.293928,496350.3603717033,53166.76068957189,39603.17286672485
2014-09-23,559954.304399,496792.27048847865,-38494.44171865079,101656.47562917216
2014-09-24,598183.114508,497213.9074281335,31470.503240454607,69498.70383941189
2014-09-25,466867.377076,497400.696721697,-21555.034181435083,-8978.285464261935
2014-09-26,515474.223943,497780.9495099526,-26439.75937914058,44133.033812187976
2014-09-29,586682.822002,497624.6527424416,25887.518904270997,63170.65035528732
2014-09-30,599093.9157257,497909.109692491,-27188.83845227283,128373.6444854818
2014-10-01,784500.253914,498247.7924763313,107188.53097548198,179063.93046218675
2014-10-02,634306.519052,498512.96442756685,74146.40631363411,61647.14831079905
2014-10-03,675639.295098,498892.01634318335,180399.0322073461,-3651.7534525294905
2014-10-06,641480.757266,498900.39289734577,153362.53662116354,-10782.172252509277
2014-10-07,586410.2709706,499444.07654337643,22006.865073552923,64959.329353670604
2014-10-08,620201.323059,499923.7577945929,76666.45800084084,43611.10726356624
2014-10-09,510519.923104,500196.424896834,16718.864765641032,-6395.366558475056
2014-10-10,702470.317955,500639.7626454997,64593.411178832306,137237.14413066796
2014-10-13,611726.926015,500655.78173036355,45090.18425657753,65980.9600280589
2014-10-14,550589.573294,501038.40225114353,-46994.0077489254,96545.17879178187
2014-10-15,624797.469491,501252.80225059285,36133.41900511841,87411.24823528879
2014-10-16,538252.607117,501822.42116045725,-5952.637186613792,42382.82314315658
2014-10-17,558538.135999,503145.0611988564,3986.90149406578,51406.17330607788
2014-10-20,624629.990941,503984.79811992217,72378.21976161578,48266.97305946211
2014-10-21,542207.165266,505118.0427566099,-49048.58123114215,86137.7037405322
2014-10-22,584926.355993,506119.35273230576,15112.076980824568,63694.92627986964
2014-10-23,492233.2322,506826.7453748277,-19885.85562058435,5292.3424457566725
2014-10-24,528403.680064,507853.0724872697,-36352.29938926907,56902.906965999326
2014-10-27,572806.6319285,508448.34400076413,31303.904624228206,33054.38330350768
2014-10-28,512678.811505,509260.98258325865,-26708.34360627657,30126.17252801791
2014-10-29,560819.6780005,510046.6282571444,-16903.39033429067,67676.44007764621
2014-10-30,459715.26616,510565.59529843077,-54312.906534728725,3462.5773962979583
2014-10-31,561876.0719155,511385.24968812126,-23601.344850737034,74092.16707811576
2014-11-03,973192.041735,511998.6225319966,200974.91081301507,260218.50838998833
2014-11-04,702751.953595,512905.47253480885,43657.74702763425,146188.73403255688
2014-11-05,718799.9390395,513772.75360423076,178710.75414681504,26316.431288454158
2014-11-06,566118.381055,514330.59554938145,63171.98097063629,-11384.195465017736
2014-11-07,585330.25773,515097.6292447294,37491.60246629546,32741.026018975084
2014-11-10,593376.793073,515612.443365502,50257.86373131805,27506.48597617999
2014-11-11,552505.750307,516447.824351076,-49556.263811910976,85614.189767835
2014-11-12,588093.484021,517070.7679095146,18234.385419184153,52788.33069230123
2014-11-13,468057.386823,517018.7258140798,-54749.94954523085,5788.610554151019
2014-11-14,553007.970965,516680.42192217294,-19650.647642361626,55978.19668518867
2014-11-17,620876.340058,516136.9621306661,24020.501256456642,80718.87667087717
2014-11-18,553367.204141,516358.8826913053,-73220.74837697686,110229.0698266716
2014-11-19,580234.0113007,516942.1086993382,288.6347061710112,63003.26789519079
2014-11-20,511855.7610447,517323.4745325875,304757.8690981428,-310225.5825860303
2014-11-21,567978.732759,517830.2723926889,235417.70742562774,-185269.2470593166
2014-11-24,610847.95702,517851.3639398861,211215.42732628278,-118218.8342461689
2014-11-25,541225.608011,518371.9899002322,144458.38323799032,-121604.76512722252
2014-11-26,579125.306002,519070.51778720337,90611.85255633552,-30557.06434153889
2014-11-27,475823.897052,519222.73925525264,-50085.04759912884,6686.205395876183
2014-11-28,559619.825094,519608.04572904913,3883.216995045761,36128.56236990508
2014-12-01,817413.561974,519531.01784120256,115176.99303644574,182705.55109635164
2014-12-02,735319.1840285,520170.9824779368,10254.545598647193,204893.655951916
2014-12-03,715127.614539,520570.80629130395,82579.03832963428,111977.76991806175
2014-12-04,578961.517004,520728.92573824566,146860.5341049069,-88627.94283915253
2014-12-05,635445.153317,521040.9031126484,84089.31379224225,30314.936412109368
2014-12-08,790283.289992,521040.25423737714,164459.93219048163,104783.1035641412
2014-12-09,665123.962957,521546.2811136703,26416.29890331863,117161.38294001106
2014-12-10,732121.033873,521937.1583959451,115984.97483120287,94198.90064585199
2014-12-11,580542.178879,521862.9058701615,45188.862207626444,13490.410801212085
2014-12-12,642760.387245,522287.55272998475,36752.43780338431,83720.39671163094
2014-12-15,790182.945791,522518.0349525793,127371.59363005833,140293.3172083624
2014-12-16,799067.056179,523194.38911910536,69178.38297947742,206694.2840804172
2014-12-17,779966.499188,524163.08448106895,90938.77689152882,164864.63781540224
2014-12-18,731938.479893,525479.4102041763,107128.19975512345,99330.8699337002
2014-12-19,757349.3758179,526855.7658764914,76468.95348620675,154024.65645520185
2014-12-22,1008143.3460193,527764.7630271434,206041.92366352392,274336.6593286327
2014-12-23,1064977.9730725,528867.0713709968,189079.3102108164,347031.5914906868
2014-12-24,965982.871715,529929.3615930424,201312.51463809452,234740.9954838631
2014-12-26,872098.456795,530740.1175575164,148065.56259885896,193292.7766386246
2014-12-29,773998.401175,531674.2119271123,54175.50403903499,188148.6852088527
2014-12-30,912970.533204,532130.0659272246,138649.11000825174,242191.35726852366
2014-12-31,844380.469674,532825.5873657123,71049.20940860522,240505.67289968254
2015-01-01,12773.61698,533631.1024504957,-204866.57504826057,-315990.91042223515
2015-01-02,657763.391981,534407.6968533219,66982.61377924359,56373.08134843451
2015-01-05,569267.29796,535425.6075902532,133324.6326227772,-99482.94225303043
2015-01-06,477886.741053,536032.032815119,5712.506169364831,-63857.797931483874
2015-01-07,494160.850117,536944.1708893328,-45293.678129100925,2510.357356768145
2015-01-08,417482.689131,537931.983679815,-60110.19684218381,-60339.09770663113
2015-01-09,439381.226073,538698.1283976726,-55920.713566981794,-43396.18875769076
2015-01-12,442845.544014,539695.6116138123,-90216.18856694219,-6633.8790328701
2015-01-13,393799.993059,540244.2188631521,-96272.89350171144,-50171.33230244064
2015-01-14,400923.97107,540561.2134576713,-167828.21434437134,28190.97195670003
2015-01-15,371146.144942,541185.8057119101,-137985.83267962473,-32053.828090285417
2015-01-16,423599.9357975,541683.1453121138,-88172.10509297297,-29911.10442164082
2015-01-19,448217.896919,542565.9854462727,-107812.9819220277,13464.893394755069
2015-01-20,405308.77722,543673.954418881,-86818.79514455107,-51546.38205432992
2015-01-21,413202.592067,545025.2850340235,-127330.76727639152,-4491.92569063195
2015-01-22,364862.5390355,546198.4073407111,-93593.32167779283,-87742.54662741824
2015-01-23,416937.181925,547014.6193597824,-69463.52298009703,-60613.91445468542
2015-01-26,410009.617966,548000.4489696318,-101831.83346113948,-36158.99754249233
2015-01-27,360009.850046,548676.3180739577,-128311.31511513675,-60355.152912820966
2015-01-28,376935.916035,550160.323250424,-179514.15875070274,6289.751535278745
2015-01-29,343062.160973,551094.0542902303,-155893.34510502865,-52138.548212201626
2015-01-30,435899.6719165,551631.9359584487,-88550.42708766872,-27181.836954279934
2015-02-02,538301.886974,552546.5270992186,-81652.97007582658,67408.32995060804
2015-02-03,475249.842928,553152.1537132761,-95979.89483558551,18077.584050309393
2015-02-04,451923.147059,554201.9323687063,-147423.39841985132,45144.61311014497
2015-02-05,407491.967944,555160.0408490105,-18679.079269448863,-128988.99363556162
2015-02-06,437147.54517,555944.9100957883,-7524.461092633006,-111272.9038331553
2015-02-09,458002.152043,556890.6777750631,-59046.035624881,-39842.49010718211
2015-02-10,400825.9849177,557462.0154817051,-76233.50321658984,-80402.52734741523
2015-02-11,400115.3330245,558317.9498073694,-157477.57194372412,-725.0448391452665
2015-02-12,384963.142969,559068.9955949505,-117131.35552119823,-56974.4971047523
2015-02-13,493265.468013,559272.6677267292,-63393.34802798684,-2613.8516857423674
2015-02-16,420740.903983,559699.3853548941,-130665.0615830437,-8293.41978885037
2015-02-17,483088.13409300003,559942.0581601697,-92263.6280048444,15409.703937674683
2015-02-18,497499.057967,560699.3222077744,-139324.88644894236,76124.62220816797
2015-02-19,436360.905914,561716.5377406044,-100366.86794288534,-24988.76388371903
2015-02-20,483681.015026,563408.702636344,-63473.199022291476,-16254.488588052554
2015-02-23,443349.890841,564788.990354118,-118752.18215401961,-2686.9173590984283
2015-02-24,407890.277971,565544.7013314524,-110337.3850269087,-47317.03833354365
2015-02-25,395774.954032,566480.9690593894,-171100.4801706369,394.4651432474493
2015-02-26,354938.226975,567279.1513262771,-158221.11295380286,-54119.8113974742
2015-02-27,436488.424914,567761.5593788795,-92617.86398967549,-38655.27047520403
2015-03-02,546037.787999,568609.0941083919,-75563.62912257826,52992.32301318641
2015-03-03,492365.24083,568974.9269847217,-88761.98661574566,12152.300461024002
2015-03-04,483330.548167,569781.4833955682,-152769.8873297607,66318.9521011925
2015-03-05,428599.809059,570732.9955042544,-112480.22240807164,-29652.964037182726
2015-03-06,463723.974873,571291.8731811928,17562.934942531065,-125130.83325072385
2015-03-09,480371.950086,572232.9401480544,-33650.10001245928,-58210.89004959508
2015-03-10,457881.7640763,572794.8858173257,-44297.35413236216,-70615.76760866349
2015-03-11,425617.727075,573753.3008510983,-139540.52820237452,-8595.045573723735
2015-03-12,382588.6690535,574646.1553374077,-120924.76103264016,-71132.72525126756
2015-03-13,434805.995204,575148.5831339406,-89684.43668507737,-50658.15124486324
2015-03-16,466598.425914,574979.9179650146,-113555.29940956605,5173.807358551494
2015-03-17,415359.51603,574385.20065789,-127781.78126066124,-31243.903367228704
2015-03-18,398629.999994,574552.9878202257,-167245.17600620625,-8677.811820019386
2015-03-19,373324.3829895,575009.458534627,-105600.64830010074,-96084.42724502624
2015-03-20,467687.945081,575609.7174763577,-71429.3573597576,-36492.41503560012
2015-03-23,462664.2370045,576458.9724854359,-74714.16378333503,-39080.57169760087
2015-03-24,407369.722015,576739.6070663373,-99030.12860900896,-70339.75644232829
2015-03-25,408258.189916,577428.1182525933,-173991.22792253358,4821.299585940258
2015-03-26,367006.957001,578213.5717490044,-144417.69750528573,-66788.91724271869
2015-03-27,436906.608975,578563.4402933606,-91883.21675916786,-49773.61455919278
2015-03-30,437878.834978,579070.3820885773,-118630.90920121253,-22560.637909364697
2015-03-31,443278.893073,579169.2606763474,-109252.78614331254,-26637.581460034868
2015-04-01,557223.161038,579745.0719166812,-112757.35100445613,90235.4401257749
2015-04-02,524588.902022,580468.3449662835,-83166.50883000287,27287.065885719392
2015-04-03,510296.785948,580960.349139952,-77966.05884371656,7302.495651764548
2015-04-06,519734.816963,581863.5113567136,-96976.4008915974,34847.70649788379
2015-04-07,464788.21798,582509.103446363,-71351.46175122207,-46369.42371514092
2015-04-08,461140.213006,583629.5173797589,-80301.32539436394,-42187.97897939496
2015-04-09,398718.315935,584980.5316037616,-52312.644489103914,-133949.57117965765
2015-04-10,445869.298012,586509.0938606657,-40772.999653626626,-99866.79619503907
2015-04-13,453724.756048,588348.5533986721,-68077.5215907744,-66546.27575989773
2015-04-14,403623.396979,589733.8228506091,-99915.86265846847,-86194.5632131406
2015-04-15,438106.287965,590438.6484796174,-154359.41348067316,2027.0529660557513
2015-04-16,418643.193957,591435.7313038023,-132827.43188494584,-39965.105461856525
2015-04-17,456303.236748,592966.8831715886,-104470.58526376223,-32193.061159826393
2015-04-20,481694.770966,594466.7299259037,-129727.03418681222,16955.075226908477
2015-04-21,426018.313035,593407.8779342846,-147944.90857072663,-19444.65632855799
2015-04-22,421108.210059,595041.4542140326,-178939.97531269788,5006.731157665257
2015-04-23,392147.042002,596240.2501047342,-132098.872413537,-71994.33568919724
2015-04-24,437625.507963,597369.4037510629,-115350.67681419857,-44393.21897386438
2015-04-27,425049.148087,598190.2425317527,-137294.06670072378,-35847.02774402889
2015-04-28,374839.1850745,599125.8364747437,-155173.37189065403,-69113.27950958966
2015-04-29,398724.330055,600125.1636635285,-210840.3307053129,9439.497096784413
2015-04-30,432612.141938,600794.8256389415,-129243.53653267214,-38939.14716826937
2015-05-01,674509.400095,601416.7517162785,-8590.737911445103,81683.38629016666
2015-05-04,556245.147953,601917.1425929709,-106271.62549220638,60599.630852235554
2015-05-05,509493.227021,602664.8146725299,-108264.98336396665,15093.395712436715
2015-05-06,504999.550962,603636.5279737777,-166586.0318026463,67949.05479086854
2015-05-07,444082.309939,604301.10291259,-106285.06340248875,-53933.72957110127
2015-05-08,481304.22297,605195.6068524201,-23254.902754426075,-100636.48112799406
2015-05-11,524864.051063,605737.4338690267,-56366.91799506925,-24506.464810957477
2015-05-12,452162.874045,606510.3377867254,-80559.63729312613,-73787.82644859924
2015-05-13,446915.639008,607414.9357595938,-167959.3018208898,7460.005069295992
2015-05-14,395609.666087,607979.803898887,-86046.91787494124,-126323.21993694578
2015-05-15,483535.538107,607527.0051565474,-78170.16135476691,-45821.3056947805
2015-05-18,496595.01098,607023.8772009069,-121513.6147877985,11084.748566891663
2015-05-19,446375.4880335,606842.5317114507,-126743.41094305045,-33723.63273490024
2015-05-20,466238.630977,607721.2255126812,-170224.42291169672,28741.828376015532
2015-05-21,417006.136035,608165.5815835249,-140401.97148350428,-50757.47406502068
2015-05-22,458727.917031,608504.5108823634,-98404.00717320981,-51372.58667815359
2015-05-25,534802.790004,608745.3536191825,-100369.17329906936,26426.609683886825
2015-05-26,463132.406006,609171.6523472756,-127871.22225731461,-18168.02408396102
2015-05-27,481804.96096,609591.0488520756,-151551.08094808034,23764.99305600475
2015-05-28,428506.881011,610091.2044474425,-135341.08094361203,-46243.2424928305
2015-05-29,560519.530038,610530.3226418605,-70100.29532617716,20089.50272231667
2015-06-01,812081.2027655,610634.805924214,26596.096132292514,174850.30070899357
2015-06-02,753430.6418917,610855.8462684988,8424.339457712413,134150.45616548875
2015-06-03,747929.452075,611587.8200957427,-39297.19780496294,175638.82978422026
2015-06-04,608994.6461083,612050.556512677,-61773.23060575886,58717.32020138182
2015-06-05,657675.126037,612419.5275485262,-29609.10458894058,74864.70307741438
2015-06-08,696952.81204,612447.249120444,68388.73449616488,16116.828423391169
2015-06-09,623725.1071692,612650.8847892467,110146.2815550111,-99072.05917505785
2015-06-10,641435.3719983,613286.6115266276,30908.99703501245,-2760.2365633400477
2015-06-11,510019.1489275,613631.4192996443,-2764.9024066745915,-100847.3679654697
2015-06-12,606616.000975,613874.9550689923,40776.58620606367,-48035.54030005603
2015-06-15,666557.1317587,613762.2575678588,29619.260592620863,23175.613598220356
2015-06-16,672637.824072,613371.6344110119,44081.06402950401,15185.125631484043
2015-06-17,677171.157112,613624.547393953,-54919.47767284316,118466.08739089024
2015-06-18,556155.0391433,614233.5565670984,-52902.16491320288,-5176.352510595447
2015-06-19,659233.5706609,614882.7938483064,9664.607825137544,34686.168987456025
2015-06-22,701208.22895,615116.0937971747,8590.562871459857,77501.57228136541
2015-06-23,640322.326029,615464.9855033645,47168.28636881329,-22310.945843177775
2015-06-24,643411.714061,616088.5652321727,-59402.9225622106,86726.07139103791
2015-06-25,518700.9558973,615923.6913333633,-60631.5130550505,-36591.22238101282
2015-06-26,593299.460788,616150.8664645801,-6067.437510427859,-16783.968166152175
2015-06-29,639072.192193,616210.8727208292,-25164.70853246616,48026.028004636944
2015-06-30,669548.425059,616320.724894626,21497.25077497626,31730.44938939782
2015-07-01,885953.200992,616676.3791028121,50230.68570348951,219046.1361856984
2015-07-02,705642.2820965,616976.7861342095,31038.194723717563,57627.301238572996
2015-07-03,772773.3939200001,617292.3351390096,71835.87897933937,83645.17980165106
2015-07-06,754949.70914,617397.1169656115,9362.84538378501,128189.74679060357
2015-07-07,654821.0515315,617621.3100153641,19768.364807406833,17431.376708729033
2015-07-08,732992.130029,618164.4239023257,96606.64207667635,18221.064049997964
2015-07-09,605032.4963965,618422.7585788482,37231.73139354969,-50621.99357589787
2015-07-10,643986.381178,618812.0038998113,16101.675182271734,9072.702095916975
2015-07-13,647967.077874,619216.9656354209,19677.410142662105,9072.702095916975
2015-07-14,601452.258023,619416.1561068222,-27036.600179739195,9072.702095916975
2015-07-15,664505.1001790001,619967.7796670916,35464.61841599153,9072.702095916975
2015-07-16,584042.727022,620130.2179990836,-45160.19307300054,9072.702095916975
2015-07-17,653452.17114,619272.5384023933,25106.930641689672,9072.702095916975
2015-07-20,685961.243972,619038.6271266829,57849.91474940009,9072.702095916975
2015-07-21,607836.498977,619459.6336500678,-20695.83676898481,9072.702095916975
2015-07-22,631385.408886,620087.3564199542,2225.3503701288573,9072.702095916975
2015-07-23,541511.421067,620472.0683194475,-88033.34934836441,9072.702095916975
2015-07-24,635244.2449785,620886.8848948077,5284.6579877752665,9072.702095916975
2015-07-27,652999.1942961001,620983.9642643146,22942.527935868464,9072.702095916975
2015-07-28,594977.6665523,621262.4127906617,-35357.44833427867,9072.702095916975
2015-07-29,625449.98155,621802.9376594836,-5425.658205400585,9072.702095916975
2015-07-30,543393.592625,622073.2090657754,-87752.31853669231,9072.702095916975
2015-07-31,695083.4489723,622214.9491780823,63795.79769830078,9072.702095916975
2015-08-03,811119.83411,622196.9163145329,179850.21569955023,9072.70209591696
2015-08-04,726613.35811,622436.2924475912,95104.36356649185,9072.702095916975
2015-08-05,724346.594,624721.4016088191,90552.49029526392,9072.702095916975
2015-08-06,583375.211759,626321.7042809451,-52019.19461786213,9072.702095916975
2015-08-07,663326.5180703,627558.9051933257,26694.910781057304,9072.702095916975
2015-08-10,785477.934216,628818.7796348517,147586.45248523133,9072.70209591696
2015-08-11,668280.357956,629580.2424786544,29627.413381428676,9072.702095916975
2015-08-12,678064.7316857,630139.631127386,38852.39846239703,9072.702095916975
2015-08-13,557859.477954,630537.3834373553,-81750.60757927225,9072.702095916975
2015-08-14,734484.205049,630134.299974525,95277.20297855801,9072.702095916975
2015-08-17,694747.161863,629608.3291936606,56066.1305734224,9072.702095916975
2015-08-18,629475.6430527,629590.7506028524,-9187.809646069436,9072.702095916975
2015-08-19,653733.3600063,630673.0085574497,13987.649352933382,9072.702095916975
2015-08-20,569443.704073,631102.489096689,-70731.48711960601,9072.702095916975
2015-08-21,653281.208151,631125.4237928718,13083.082262211232,9072.702095916975
2015-08-24,681575.9899773,631080.431025769,41422.856855614096,9072.702095916975
2015-08-25,624698.33755,631160.7090593394,-15535.073605256286,9072.702095916975
2015-08-26,640075.9908365,631684.6144709965,-681.3257304135623,9072.702095916975
2015-08-27,548043.327354,631822.2859771226,-92851.66071903963,9072.702095916975
2015-08-28,635737.2322,631650.6709558691,-4986.140851786142,9072.702095916975
2015-08-31,776152.5521897,631114.5809583917,135965.26913539134,9072.70209591696
2015-09-01,906549.992952,630804.6286316885,266672.6622243945,9072.70209591696
2015-09-02,879033.0925,630848.9415274638,239111.44887661922,9072.70209591696
2015-09-03,707093.042,630587.5208782095,67432.81902587354,9072.702095916975
2015-09-04,736395.302632,629664.4787229256,97658.12181315733,9072.702095916975
2015-09-07,767382.7769737,628339.8008794572,129970.27399832591,9072.702095916975
2015-09-08,677312.236066,627627.5849512664,40611.949018816566,9072.702095916975
2015-09-09,705633.4998935,627142.3965252473,69418.40127233577,9072.702095916975
2015-09-10,577743.795026,626683.1603719364,-58012.06744185336,9072.702095916975
2015-09-11,651330.167952,625928.4795651692,16328.986290913876,9072.702095916975
2015-09-14,688405.190061,625182.1457390022,54150.342226080815,9072.702095916975
2015-09-15,682134.3540295,627483.2843755282,45578.367558054844,9072.702095916975
2015-09-16,742089.667998,627742.7063678323,105274.25953425081,9072.702095916975
2015-09-17,593577.802125,628852.4616881903,-44347.36165910728,9072.702095916975
2015-09-18,653805.874946,629766.5399875385,14966.632862544604,9072.702095916975
2015-09-21,717725.376959,630315.5128246954,78337.1620383876,9072.702095916975
2015-09-22,641914.7389995,631205.5961016186,1636.4408019644761,9072.702095916975
2015-09-23,690419.721922,632001.5221202296,49345.49770585353,9072.702095916975
2015-09-24,557321.610921,632592.9443374679,-84344.03551238486,9072.702095916975
2015-09-25,646083.8750635,633422.937643786,3588.235323797082,9072.702095916975
2015-09-28,671261.0640092,633823.5284434328,28364.83346985023,9072.702095916975
2015-09-29,609130.6581453,634552.8659083041,-34494.90985892109,9072.702095916975
2015-09-30,711182.539054,635270.0775720424,66839.75938604072,9072.702095916975
2015-10-01,796340.858947,635746.926547893,151521.23030319007,9072.70209591696
2015-10-02,830719.387744,636577.115205056,185069.57044302695,9072.70209591696
2015-10-05,809524.837996,637145.1252076151,163307.0106924679,9072.70209591696
2015-10-06,696169.275967,638167.1386302001,48929.43524088302,9072.702095916975
2015-10-07,720562.330573,639040.6103643702,72449.01811271287,9072.702095916975
2015-10-08,603066.030064,639778.2498275326,-45784.92185944949,9072.702095916975
2015-10-09,873934.7190479999,640648.7177759155,224213.29917616746,9072.70209591696
2015-10-12,721634.5721813,641149.3134509674,71412.55663441563,9072.702095916975
2015-10-13,585141.5538577,641967.8080124441,-65898.95625066107,9072.702095916975
2015-10-14,688198.106351,642649.5503058098,36475.85394927322,9072.702095916975
2015-10-15,577952.197162,642810.2271495878,-73930.7320835048,9072.702095916975
2015-10-16,693829.351874,643241.0206674343,41515.62911064875,9072.702095916975
2015-10-19,699259.488037,643521.0801684316,46665.705772651345,9072.702095916975
2015-10-20,660308.361186,644752.6845136823,6482.974576400811,9072.702095916975
2015-10-21,672847.3460333,645886.2298662164,17888.41407116664,9072.702095916975
2015-10-22,547020.0469813,646625.9816634712,-108678.63677808818,9072.702095916975
2015-10-23,639040.6062,647588.4061996994,-17620.50209561632,9072.702095916975
2015-10-26,649914.352338,648113.3033202309,-7271.653078147923,9072.702095916975
2015-10-27,587066.101075,648945.0848469569,-70951.68586787385,9072.702095916975
2015-10-28,599388.1222552,649479.7990306157,-59164.378871332636,9072.702095916975
2015-10-29,511860.0689186,650045.0014309663,-147257.6346082833,9072.70209591696
2015-10-30,635875.8911987,650481.7309333048,-23678.54183052179,9072.702095916975
2015-11-02,762549.794932,650584.8138652472,102892.27897083583,9072.702095916975
2015-11-03,1033439.132986,651238.7084491411,373127.72244094196,9072.70209591696
2015-11-04,855494.43996,651838.5406025548,194583.19726152823,9072.70209591696
2015-11-05,649662.670907,652358.6129352661,-11768.64412418312,9072.702095916975
2015-11-06,671145.788057,653122.8829874112,8950.202973671825,9072.702095916975
2015-11-09,683644.901987,653624.3863709525,20947.81352013057,9072.702095916975
2015-11-10,623529.1790699,654423.5519281195,-39967.07495413652,9072.702095916975
2015-11-11,689746.212316,655138.3332354566,25535.176984626436,9072.702095916975
2015-11-12,506937.6640027,655348.5637447826,-157483.60183799954,9072.70209591696
2015-11-13,626674.025055,655783.5137287652,-38182.19076968219,9072.702095916975
2015-11-16,716508.7092175,655920.2964717547,51515.71064982841,9072.702095916975
2015-11-17,618919.988059,656580.5321671352,-46733.246204052135,9072.702095916975
2015-11-18,683954.18795,657763.7004689983,17117.78538508479,9072.702095916975
2015-11-19,560452.567301,658578.004273939,-107198.13906885592,9072.702095916975
2015-11-20,665619.668251,659460.0948108619,-2913.1286557788408,9072.702095916975
2015-11-23,696685.460932,660000.5478823304,27612.210953752612,9072.702095916975
2015-11-24,612710.200935,660881.3809510362,-57243.88211195324,9072.702095916975
2015-11-25,658917.83013,661649.5714815015,-11804.443447418409,9072.702095916975
2015-11-26,530358.330027,662112.4223174494,-140826.79438636627,9072.70209591696
2015-11-27,645087.0350447,662778.4440163042,-26764.111067521168,9072.702095916975
2015-11-30,762036.1239965,663321.1817695946,89642.24013098852,9072.702095916975
2015-12-01,857620.9426407,664341.2862138675,184206.95433091559,9072.70209591696
2015-12-02,867269.5758400001,665032.6406105799,193164.23313350324,9072.70209591696
2015-12-03,676883.031992,665734.030786877,2076.2991092059383,9072.702095916975
2015-12-04,749354.1319635,666606.8416937784,73674.58817380467,9072.702095916975
2015-12-07,822334.708983,667070.1083541143,146191.8985329687,9072.70209591696
2015-12-08,712569.16983,667924.2457755225,35572.221958560505,9072.702095916975
2015-12-09,747893.782087,668685.7789943389,70135.30099674406,9072.702095916975
2015-12-10,657427.1785246,669296.576646387,-20942.100217703977,9072.702095916975
2015-12-11,708392.807819,669930.3688515287,29389.73687155427,9072.702095916975
2015-12-14,811613.7221567,669922.6931476959,132618.32691308716,9072.70209591696
2015-12-15,779809.953397,670257.2393692438,100480.01193183915,9072.702095916975
2015-12-16,859930.249129,670699.8392346356,180157.70779844746,9072.70209591696
2015-12-17,809809.748717,670987.4461335206,129749.60048756246,9072.702095916975
2015-12-18,893569.902701,671717.9719035622,212779.22870152083,9072.70209591696
2015-12-21,1072887.476889,672421.9865827922,391392.78821029083,9072.70209591696
2015-12-22,1141861.90926,673623.1133545924,459166.0938094908,9072.70209591696
2015-12-23,1196146.056374,674631.0421135279,512442.3121645551,9072.70209591696
2015-12-24,1083680.315238,675447.0921656484,399160.5209764346,9072.70209591696
2015-12-28,789684.9127821,676364.6826314568,104247.5280547263,9072.702095916975
2015-12-29,870762.025758,676796.8552633595,184892.46839872352,9072.70209591696
2015-12-30,1030043.735764,677455.2822031158,343515.75146496727,9072.70209591696
2015-12-31,964641.5415009999,678064.7978808649,277504.04152421805,9072.70209591696
2016-01-01,16433.394,678398.3134315718,-671037.6215274888,9072.70209591696
2016-01-04,955956.875097,678941.4470177116,267942.7259833715,9072.70209591696
2016-01-05,835320.439089,679344.7801764157,146902.95681666734,9072.70209591696
2016-01-06,821685.655923,680166.0556817965,132446.89814528648,9072.70209591696
2016-01-07,653504.3669428,680833.2716653936,-36401.60681851058,9072.702095916975
2016-01-08,713608.3341557,681452.261182886,23083.370876897112,9072.702095916975
2016-01-11,705495.240963,682252.505607375,14170.03325970807,9072.702095916975
2016-01-12,647058.461085,682621.1412291888,-44635.382240105784,9072.702095916975
2016-01-13,660045.317135,683254.2202503595,-32281.60521127646,9072.702095916975
2016-01-14,561972.62307,683226.0231002189,-130326.10212613585,9072.702095916975
2016-01-15,671027.100027,683312.7715382009,-21358.37360711793,9072.702095916975
2016-01-18,709784.229951,683647.7522177222,17063.77563736074,9072.702095916975
2016-01-19,630929.75099,683690.8902179176,-61833.841323834626,9072.702095916975
2016-01-20,738744.013045,684400.7975627588,45270.513386324266,9072.702095916975
2016-01-21,552820.7690359,685364.5135515807,-141616.44661159767,9072.70209591696
2016-01-22,648431.428037,685910.4013460355,-46551.675404952504,9072.702095916975
2016-01-25,658090.687097,686725.6052528195,-37707.6202517365,9072.702095916975
2016-01-26,609465.787904,687094.1359409017,-86701.05013281865,9072.702095916975
2016-01-27,647254.67807,688195.512853888,-50013.53687980493,9072.702095916975
2016-01-28,533709.8489592,688857.9164396264,-164220.76957634336,9072.70209591696
2016-01-29,660492.758086,689210.4561190016,-37790.4001289186,9072.702095916975
2016-02-01,872063.3148838,689809.7728030002,173180.83998488286,9072.70209591696
2016-02-02,765233.207779,690063.5296797687,66096.97600331435,9072.702095916975
2016-02-03,772360.939004,690751.0586419359,72537.17826614714,9072.702095916975
2016-02-04,650328.166941,691440.725784321,-50185.26093923791,9072.702095916975
2016-02-05,768586.5079877,691703.2896254688,67810.5162663143,9072.702095916975
2016-02-08,636542.677274,692209.292537707,-64739.31735962398,9072.702095916975
2016-02-09,746939.64016,692486.5427270716,45380.39533701142,9072.702095916975
2016-02-10,790988.713851,693146.6705655572,107301.54277080276,-9459.499485360007
2016-02-11,646376.371075,693442.5284153114,23941.583201131885,-71007.74054144321
2016-02-12,698152.0698755,692890.5001829531,54541.620867143225,-49280.05117459626
2016-02-15,746671.290005,692561.6871656326,9772.815525738042,44336.787313629306
2016-02-16,719111.88609,692003.9666938734,31375.388470288264,-4267.469074161621
2016-02-17,723794.722013,692085.7299983191,53166.76068957189,-21457.768674890904
2016-02-18,570072.678149,692078.191304989,-38494.44171865079,-83511.0714373382
2016-02-19,672510.133621,692392.9300281233,31470.503240454607,-51353.29964757794
2016-02-22,698907.63622,693338.9807453392,-21555.034181435083,27123.689656095885
2016-02-23,641329.0610941,693756.4500935946,-26439.75937914058,-25987.629620354026
2016-02-24,675573.377814,694711.1050731824,25887.518904270997,-45025.24616345337
2016-02-25,557959.327812,695376.4065579206,-27188.83845227283,-110228.24029364785
2016-02-26,641922.8016649,695652.7969597708,107188.53097548198,-160918.52627035277
2016-02-29,726619.7578255,695975.095630831,74146.40631363411,-43501.7441189651
2016-03-01,897927.643296,695731.4534442904,180399.0322073461,21797.15764436341
2016-03-02,878452.364907,696162.2518414932,153362.53662116354,28927.576444343256
2016-03-03,671564.7523075,696371.8123957837,22006.865073552923,-46813.925161836654
2016-03-04,747546.7958183,696346.0408891914,76666.45800084084,-25465.703071732292
2016-03-07,738126.524119,696866.8886030499,16718.864765641032,24540.770750309006
2016-03-08,642291.3448895,696789.6736495016,64593.411178832306,-119091.739938834
2016-03-09,694645.8489091,697391.2204887475,45090.18425657753,-47835.55583622494
2016-03-10,572491.856825,697885.6391738734,-46994.0077489254,-78399.77459994792
2016-03-11,664893.5129268001,698025.9379651365,36133.41900511841,-69265.84404345484
2016-03-14,668066.393105,698256.4492429364,-5952.637186613792,-24237.41895132263
2016-03-15,668186.702459,697460.5700791782,3986.90149406578,-33260.76911424393
2016-03-16,739805.377693,697548.7267990124,72378.21976161578,-30121.568867628157
2016-03-17,580452.5319757,697493.4127555405,-49048.58123114215,-67992.29954869825
2016-03-18,666756.8191527,697194.2642599111,15112.076980824568,-45549.522088035694
2016-03-21,690469.800941,697502.5948155071,-19885.85562058435,12853.061746077277
2016-03-22,622695.8369947,697805.6391581345,-36352.29938926907,-38757.502774165376
2016-03-23,714881.17408,698486.2485674456,31303.904624228206,-14908.979111673732
2016-03-24,660489.8450025,699178.9569449605,-26708.34360627657,-11980.768336183959
2016-03-25,633524.200062,699958.6262821029,-16903.39033429067,-49531.03588581226
2016-03-28,661057.8656583,700687.9453974927,-54312.906534728725,14682.826795535992
2016-03-29,621166.0630926,700714.1708296188,-23601.344850737034,-55946.76288628181
2016-03-30,660138.988943,701237.1823281393,200974.91081301507,-242073.1041981544
2016-03-31,617374.3379607,701759.9207737887,43657.74702763425,-128043.32984072292
2016-04-01,872467.3200749999,701927.5930248051,178710.75414681504,-8171.027096620179
2016-04-04,795237.1920634999,702535.611436012,63171.98097063629,29529.599656851686
2016-04-05,725750.101045,702854.1204058457,37491.60246629546,-14595.621827141134
2016-04-06,744784.8430795,703888.061132528,50257.86373131805,-9361.081784346039
2016-04-07,587939.720177,704964.7695649121,-49556.263811910976,-67468.78557600106
2016-04-08,689727.1961377,706135.7372189831,18234.385419184153,-34642.92650046728
2016-04-11,665348.963943,707742.1198505479,-54749.94954523085,12356.793637682931
2016-04-12,651657.0342615,709140.4743972163,-19650.647642361626,-37832.79249335472
2016-04-13,672611.48105,711164.4522725865,24020.501256456642,-62573.47247904322
2016-04-14,546785.2089455,712089.6229573145,-73220.74837697686,-92083.66563483766
2016-04-15,667606.299867,712175.5288641858,288.6347061710112,-44857.86370335684
2016-04-18,1345920.6048929,712791.749016893,304757.8690981428,328370.9867778642
2016-04-19,1152089.208085,713256.8494082218,235417.70742562774,203414.65125115053
2016-04-20,1062426.2900389,714846.6242746144,211215.42732628278,136364.23843800282
2016-04-21,1001079.779168,716871.2266109532,144458.38323799032,139750.16931905644
2016-04-22,857059.24399,717744.9229002916,90611.85255633552,48702.46853337284
2016-04-25,680000.753839,718626.6026421711,-50085.04759912884,11459.198795957767
2016-04-26,704799.4182328,718899.3594158253,3883.216995045761,-17983.158178071128
2016-04-27,670288.098041,719671.2519090719,115176.99303644574,-164560.14690451772
2016-04-28,543339.849013,719833.5551744349,10254.545598647193,-186748.2517600821
2016-04-29,708711.428894,719964.7562905935,82579.03832963428,-93832.3657262278
2016-05-02,973985.670432,720351.7892961066,146860.5341049069,106773.34703098651
2016-05-03,792205.5501393,720285.7685673331,84089.31379224225,-12169.532220275418
2016-05-04,798654.4540987,720832.2212805256,164459.93219048163,-86637.69937230722
2016-05-05,648701.6029645,721301.2828093584,26416.29890331863,-99015.9787481771
2016-05-06,761422.5161262,721491.0377490151,115984.97483120287,-76053.49645401804
2016-05-09,771767.6541339,721923.7985356516,45188.862207626444,4654.993390621865
2016-05-10,693010.486981,721833.0416974127,36752.43780338431,-65574.99251979699
2016-05-11,727543.4630335,722319.7824199701,127371.59363005833,-122147.91301652846
2016-05-12,603394.2070997,722764.7040088058,69178.38297947742,-188548.8798885832
2016-05-13,666833.8999414,722614.3566734395,90938.77689152882,-146719.23362356826
2016-05-16,748112.686851,722169.9528377427,107128.19975512345,-81185.46574186625
2016-05-17,661930.83884,721341.1376171611,76468.95348620675,-135879.25226336793
2016-05-18,671232.9593407,721382.2908139748,206041.92366352392,-256191.25513679878
2016-05-19,581470.5602065,721277.4372945365,189079.3102108164,-328886.1872988529
2016-05-20,706024.0579254,721307.1345793346,201312.51463809452,-216595.5912920292
2016-05-23,695004.681298,722086.4911459318,148065.56259885896,-175147.3724467907
2016-05-24,606377.2052165,722204.9821944837,54175.50403903499,-170003.28101701877
2016-05-25,637512.038734,722908.881802438,138649.11000825174,-224045.95307668974
2016-05-26,571968.623123,723279.6824222434,71049.20940860522,-222360.26870784862
2016-05-27,852689.219312,723419.4797461914,-204866.57504826057,334136.3146140691
2016-05-30,752452.419172,723697.482549357,66982.61377924359,-38227.67715660056
2016-05-31,974327.9898907,723375.0108230584,133324.6326227772,117628.34644486435
2016-06-01,811525.320315,723809.6120223174,5712.506169364831,82003.20212331782
2016-06-02,694535.9356793,724194.5669733351,-45293.678129100925,15635.046835065805
2016-06-03,742363.085208,723988.7801517188,-60110.19684218381,78484.50189846508
2016-06-06,729894.222866,724273.3434834571,-55920.713566981794,61541.59294952471
2016-06-07,658714.653306,724151.5586482382,-90216.18856694219,24779.28322470405
2016-06-08,696747.5498651,724703.7068725368,-96272.89350171144,68316.73649427459
2016-06-09,547139.6129411,725013.3950503374,-167828.21434437134,-10045.56776486605
2016-06-10,637354.31962,725140.9200175053,-137985.83267962473,50199.232282119396
2016-06-13,685382.193062,725497.7895414982,-88172.10509297297,48056.50861347477
2016-06-14,622267.7731045,725400.2442294488,-107812.9819220277,4680.510797078881
2016-06-15,708327.6370845,725454.6459828872,-86818.79514455107,69691.78624616387
2016-06-16,620526.243001,725219.6803949256,-127330.76727639152,22637.3298824659
2016-06-17,737897.438279,725602.8091375406,-93593.32167779283,105887.95081925219
2016-06-20,735754.3648971,726458.5692306777,-69463.52298009703,78759.31864651937
2016-06-21,679248.0220203,726775.4537471132,-101831.83346113948,54304.40173432628
2016-06-22,677730.6512057,727541.4092161818,-128311.31511513675,78500.55710465492
2016-06-23,559653.337429,727311.8435231475,-179514.15875070274,11855.652656555176
2016-06-24,641812.675912,727422.0686129931,-155893.34510502865,70283.95240403555
2016-06-27,684735.608995,727958.7949365549,-88550.42708766872,45327.24114611388
2016-06-28,596948.934953,727864.8307876007,-81652.97007582658,-49262.92575877409
2016-06-29,632489.476942,728401.5516360609,-95979.89483558551,67.82014152455667
2016-06-30,554144.864923,728567.4722611624,-147423.39841985132,-26999.20891831105
2016-07-01,857027.5539605,728572.2354025533,-18679.079269448863,147134.3978273956
2016-07-04,850891.598845,728997.7519126438,-7524.461092633006,129418.30802498925
2016-07-05,728011.558041,729069.699366865,-59046.035624881,57987.89429901606
2016-07-06,752110.940641,729796.5123183407,-76233.50321658984,98547.93153924918
2016-07-07,591702.7820185,730309.9049312449,-157477.57194372412,18870.449030979245
2016-07-08,688563.400224,730574.854448612,-117131.35552119823,75119.90129658625
2016-07-11,688436.1450485,731070.2371989106,-63393.34802798684,20759.255877576317
2016-07-12,627039.780111,731266.0177133593,-130665.0615830437,26438.82398068432
2016-07-13,642494.4024465,732022.3301971852,-92263.6280048444,2735.7002541592665
2016-07-14,535124.328126,732428.4325912764,-139324.88644894236,-57979.218016333994
2016-07-15,675032.4290353,732265.1289026324,-100366.86794288534,43134.16807555298
2016-07-18,702619.751022,731693.057264405,-63473.199022291476,34399.892779886504
2016-07-19,633176.2922806,731096.1528836873,-118752.18215401961,20832.321550932378
2016-07-20,686848.847004,731723.7895055311,-110337.3850269087,65462.4425253776
2016-07-21,578823.6890245,732173.2301465503,-171100.4801706369,17750.93904858653
2016-07-22,646633.655341,732589.5527054947,-158221.11295380286,72265.21558930812
2016-07-25,697383.602092,733200.7914146375,-92617.86398967549,56800.67466703798
2016-07-26,622771.923903,733182.4718469307,-75563.62912257826,-34846.91882135246
2016-07-27,651121.9849837,733890.8678686357,-88761.98661574566,5993.103730809948
2016-07-28,533256.2493581,734199.6845972192,-152769.8873297607,-48173.547909358516
2016-07-29,669585.8378729,734267.6920519549,-112480.22240807164,47798.368229016676
2016-08-01,895580.405053,734741.2326679111,17562.934942531065,143276.23744255782
2016-08-02,777592.8388893,734886.6446603303,-33650.10001245928,76356.29424142903
2016-08-03,779844.8100532,735380.9923850647,-44297.35413236216,88761.17180049744
2016-08-04,622883.098161,735683.1765978168,-139540.52820237452,26740.449765557714
2016-08-05,704092.7391311,735739.3707206387,-120924.76103264016,89278.12944310151
2016-08-08,715195.5388238,736076.4200721802,-89684.43668507737,68803.55543669719
2016-08-09,635538.981035,736122.6836112835,-113555.29940956605,12971.596833282456
2016-08-10,658457.436112,736849.9098135986,-127781.78126066124,49389.307559062654
2016-08-11,596729.279945,737151.2399393528,-167245.17600620625,26823.216011853365
2016-08-12,745662.5051491,737033.3220123405,-105600.64830010074,114229.83143686019
2016-08-15,720032.299881,736823.8380133235,-71429.3573597576,54637.81922743407
2016-08-16,718671.651353,736159.8392469002,-74714.16378333503,57225.97588943482
2016-08-17,725945.703034,736490.6710088467,-99030.12860900896,88485.16063416224
2016-08-18,577350.5209386,738017.6442552399,-173991.22792253358,13324.104605893663
2016-08-19,678767.115815,738250.4918857331,-144417.69750528573,84934.32143455266
2016-08-22,714866.233843,738830.4318511412,-91883.21675916786,67919.01875102673
2016-08-23,660819.9779755,738744.8450755139,-118630.90920121253,40706.04210119865
2016-08-24,674613.0479498,739082.8484412438,-109252.78614331254,44782.98565186882
2016-08-25,554421.529139,739268.9160773971,-112757.35100445613,-72090.03593394095
2016-08-26,646698.272887,739006.4434108883,-83166.50883000287,-9141.661693885442
2016-08-29,671845.736816,738968.8871196471,-77966.05884371656,10842.908540069402
2016-08-30,624711.335056,738390.0382536473,-96976.4008915974,-16702.302306049838
2016-08-31,731430.1240452,738266.7578894472,-71351.46175122207,64514.82790697487
2016-09-01,718105.570925,738073.513148135,-80301.32539436394,60333.38317122891
2016-09-02,837129.587642,737347.2567596124,-52312.644489103914,152094.97537149163
2016-09-05,813763.2950235,736524.0942902536,-40772.999653626626,118012.20038687302
2016-09-06,751583.025072,734968.8667110427,-68077.5215907744,84691.67995173168
2016-09-07,738543.916999,734119.8122524939,-99915.86265846847,104339.96740497455
2016-09-08,595849.2986095,734090.360864395,-154359.41348067316,16118.35122577817
2016-09-09,658969.026968,733685.9491992553,-132827.43188494584,58110.509653690504
2016-09-12,678776.4591265,732908.5790386018,-104470.58526376223,50338.46535166034
2016-09-13,603427.946974,731964.6521958867,-129727.03418681222,1190.328964925473
2016-09-14,624262.071976,734616.9200263347,-147944.90857072663,37590.06052039191
2016-09-15,568324.812986,734126.1152645291,-178939.97531269788,13138.673034168722
2016-09-16,691912.601466,733871.7339985057,-132098.872413537,90139.73988103122
2016-09-19,681159.341976,733971.3956245002,-115350.67681419857,62538.62316569833
2016-09-20,650980.3219717001,734281.956736561,-137294.06670072378,53992.43193586281
2016-09-21,666928.400013,734843.0882022304,-155173.37189065403,87258.68370142364
2016-09-22,533276.332017,735410.7556272633,-210840.3307053129,8705.907095049508
2016-09-23,663685.9846653,735844.9698378688,-129243.53653267214,57084.551360103316
2016-09-26,664217.4402937,736346.1603034778,-8590.737911445103,-63537.98209833271
2016-09-27,587908.3278165,736634.179969108,-106271.62549220638,-42454.226660401604
2016-09-28,631761.1750463,736974.1499308695,-108264.98336396665,3052.0084793972346
2016-09-29,520744.9210333,737134.6034349808,-166586.0318026463,-49803.65059903456
2016-09-30,703198.490806,737404.4204455535,-106285.06340248875,72079.13376293522
2016-10-03,833060.55889,737533.576324598,-23254.902754426075,118781.88531982801
2016-10-04,724113.096039,737828.1450312778,-56366.91799506925,42651.86900279143
2016-10-05,749712.3000211,738338.7066737929,-80559.63729312613,91933.23064043319
2016-10-06,581429.340158,738703.2428563519,-167959.3018208898,10685.399122537929
2016-10-07,797612.239327,739190.5330731615,-86046.91787494124,144468.62412877975
2016-10-10,725312.8469015,739516.2983696525,-78170.16135476691,63966.70988661445
2016-10-11,625271.993952,739724.9531148563,-121513.6147877985,7060.6556249422865
2016-10-12,665126.077693,740000.4517093162,-126743.41094305045,51869.03692673419
2016-10-13,558859.8909975,739680.7380933784,-170224.42291169672,-10596.424184181611
2016-10-14,667954.207226,739453.3004526497,-140401.97148350428,68902.8782568546
2016-10-17,710456.4240015,739342.4403047223,-98404.00717320981,69517.99086998754
2016-10-18,630638.592023,739288.9708141222,-100369.17329906936,-8281.205492052875
2016-10-19,647823.468973,739381.2629545196,-127871.22225731461,36313.42827579497
2016-10-20,583001.280078,740171.9498902512,-151551.08094808034,-5619.588864170772
2016-10-21,669453.5420583,740405.9763172476,-135341.08094361203,64388.64668466442
2016-10-24,668507.6451983,740552.0390549599,-70100.29532617716,-1944.098530482719
2016-10-25,610590.8979547,740699.6983395672,26596.096132292514,-156704.89651715965
2016-10-26,633413.8905697,740994.6030856424,8424.339457712413,-116005.05197365482
2016-10-27,544361.4798829,741152.1032802493,-39297.19780496294,-157493.42559238634
2016-10-28,638838.252231,741183.3988463067,-61773.23060575886,-40571.91600954787
2016-10-31,654923.5029715,741251.906446021,-29609.10458894058,-56719.29888558043
2016-11-01,811832.445984,741415.1357193923,68388.73449616488,2028.5757684427808
2016-11-02,969033.618953,741669.8740310972,110146.2815550111,117217.4633668918
2016-11-03,793811.6841115,741997.0463213136,30908.99703501245,20905.640755173998
2016-11-04,858468.216477,742240.346726371,-2764.9024066745915,118992.77215730365
2016-11-07,849451.0429045,742493.5122065464,40776.58620606367,66180.94449188998
2016-11-08,767439.628434,742850.5772477655,29619.260592620863,-5030.209406386406
2016-11-09,790276.839009,743235.4964191461,44081.06402950401,2960.278560349907
2016-11-10,588241.7590247,743481.9198965995,-54919.47767284316,-100320.6831990563
2016-11-11,713396.4541223,742976.8623330735,-52902.16491320288,23321.756702429397
2016-11-14,735723.172977,742599.3299474845,9664.607825137544,-16540.764795622075
2016-11-15,691801.6290437999,742567.2342618715,8590.562871459857,-59356.168089531464
2016-11-16,830431.7415873,742807.105183475,47168.28636881329,40456.350035011725
2016-11-17,615228.2560159,743211.8457773146,-59402.9225622106,-68580.66719920396
2016-11-18,738265.552222,744160.4387042037,-60631.5130550505,54736.62657284677
2016-11-21,773762.280859,744900.3460114418,-6067.437510427859,34929.372357986125
2016-11-22,690281.251004,745326.5833492691,-25164.70853246616,-29880.623812802995
2016-11-23,753685.041456,745772.8358785876,21497.25077497626,-13585.045197563872
2016-11-24,595457.3062203,746127.352510675,50230.68570348951,-200900.73199386447
2016-11-25,737819.484836,746263.1871590215,31038.194723717563,-39481.897046739046
2016-11-28,752583.7680527,746247.6646831777,71835.87897933937,-65499.77560981711
2016-11-29,645760.5082353,746442.0054502846,9362.84538378501,-110044.34259876962
2016-11-30,767361.704324,746879.3120334883,19768.364807406833,714.0274831049173
2016-12-01,843603.315088,747072.3328694877,96606.64207667635,-75.65985816401371
2016-12-02,853454.930795,747455.8016337185,37231.73139354969,68767.39776773182
2016-12-05,896824.938971,,16101.675182271734,
2016-12-06,932546.385931,,19677.410142662105,
2016-12-07,867653.7351403,,-27036.600179739195,
2016-12-08,674077.382905,,35464.61841599153,
2016-12-09,774941.923982,,-45160.19307300054,
2016-12-12,844251.703802,,25106.930641689672,
2016-12-13,747161.615593,,57849.91474940009,
2016-12-14,829763.2190675,,-20695.83676898481,
2016-12-15,747641.1828753001,,2225.3503701288573,
2016-12-16,918899.786306,,-88033.34934836441,
2016-12-19,1028242.8227987,,5284.6579877752665,
2016-12-20,1080402.388032,,22942.527935868464,
2016-12-21,1181307.3270735,,-35357.44833427867,
2016-12-22,1135849.391084,,-5425.658205400585,
2016-12-23,1282145.5171351,,-87752.31853669231,
2016-12-26,1032770.748898,,63795.79769830078,
2016-12-27,842475.490118,,179850.21569955023,
2016-12-28,951533.7138481,,95104.36356649185,
2016-12-29,894108.236835,,90552.49029526392,
2016-12-30,1163643.0379923,,-52019.19461786213,
2017-01-02,1402306.370834,,26694.910781057304,
2017-01-03,1104377.0798245,,147586.45248523133,
2017-01-04,990093.463742,,29627.413381428676,
2017-01-05,777620.9540695,,38852.39846239703,
2017-01-06,839600.237989,,-81750.60757927225,
2017-01-09,793724.8969065,,95277.20297855801,
2017-01-10,742635.5692609,,56066.1305734224,
2017-01-11,770742.690065,,-9187.809646069436,
2017-01-12,629635.794004,,13987.649352933382,
2017-01-13,768898.9443882,,-70731.48711960601,
2017-01-16,824488.666175,,13083.082262211232,
2017-01-17,750836.542952,,41422.856855614096,
2017-01-18,782656.0246723,,-15535.073605256286,
2017-01-19,606949.7448793,,-681.3257304135623,
2017-01-20,725703.6910875,,-92851.66071903963,
2017-01-23,798133.612125,,-4986.140851786142,
2017-01-24,721275.774781,,135965.26913539134,
2017-01-25,744342.5929227,,266672.6622243945,
2017-01-26,576515.5369877,,239111.44887661922,
2017-01-27,722113.958837,,67432.81902587354,
2017-01-30,698123.768037,,97658.12181315733,
2017-01-31,778222.285925,,129970.27399832591,
2017-02-01,961777.382874,,40611.949018816566,
2017-02-02,748882.732615,,69418.40127233577,
2017-02-03,834667.1519293,,-58012.06744185336,
2017-02-06,786672.394181,,16328.986290913876,
2017-02-07,739431.213302,,54150.342226080815,
2017-02-08,783605.377185,,45578.367558054844,
2017-02-09,624387.487899,,105274.25953425081,
2017-02-10,752207.2398545,,-44347.36165910728,
2017-02-13,794314.4320675,,14966.632862544604,
2017-02-14,642613.187069,,78337.1620383876,
2017-02-15,745780.355084,,1636.4408019644761,
2017-02-16,645968.2570671,,49345.49770585353,
2017-02-17,758855.71279,,-84344.03551238486,
2017-02-20,759120.0599607,,3588.235323797082,
2017-02-21,717807.6770255,,28364.83346985023,
2017-02-22,739388.0344027,,-34494.90985892109,
2017-02-23,675578.500156,,66839.75938604072,
2017-02-24,816197.498952,,151521.23030319007,
2017-02-27,744956.948138,,185069.57044302695,
2017-02-28,949366.8290505,,163307.0106924679,
2017-03-01,1008521.709962,,48929.43524088302,
2017-03-02,836225.179072,,72449.01811271287,
2017-03-03,882639.776274,,-45784.92185944949,
2017-03-06,790143.2410905,,224213.29917616746,
2017-03-07,761866.729975,,71412.55663441563,
2017-03-08,781046.6619577,,-65898.95625066107,
2017-03-09,653901.1919827,,36475.85394927322,
2017-03-10,773855.30685,,-73930.7320835048,
2017-03-13,754390.380036,,41515.62911064875,
2017-03-14,700998.0346447,,46665.705772651345,
2017-03-15,815621.887369,,6482.974576400811,
2017-03-16,699108.166824,,17888.41407116664,
2017-03-17,812306.77427,,-108678.63677808818,
2017-03-20,826428.90991,,-17620.50209561632,
2017-03-21,746620.926177,,-7271.653078147923,
2017-03-22,767880.804934,,-70951.68586787385,
2017-03-23,670848.010029,,-59164.378871332636,
2017-03-24,787914.125515,,-147257.6346082833,
2017-03-27,784103.265042,,-23678.54183052179,
2017-03-28,702943.9485770001,,102892.27897083583,
2017-03-29,824632.985033,,373127.72244094196,
2017-03-30,637624.340998,,194583.19726152823,
2017-03-31,878750.03788,,-11768.64412418312,
2017-04-03,835191.622029,,8950.202973671825,
2017-04-04,835602.6360017,,20947.81352013057,
2017-04-05,846631.307907,,-39967.07495413652,
2017-04-06,683059.570103,,25535.176984626436,
2017-04-07,765502.211925,,-157483.60183799954,
2017-04-10,739392.130988,,-38182.19076968219,
2017-04-11,741331.430196,,51515.71064982841,
2017-04-12,791762.312883,,-46733.246204052135,
2017-04-13,737029.565183,,17117.78538508479,
2017-04-14,740889.486829,,-107198.13906885592,
2017-04-17,775916.9059055,,-2913.1286557788408,
2017-04-18,717196.315762,,27612.210953752612,
2017-04-19,735733.2142477001,,-57243.88211195324,
2017-04-20,675804.0219027,,-11804.443447418409,
2017-04-21,795795.893872,,-140826.79438636627,
2017-04-24,755072.530945,,-26764.111067521168,
2017-04-25,718996.080637,,89642.24013098852,
2017-04-26,781159.2829995,,184206.95433091559,
2017-04-27,624910.0260955,,193164.23313350324,
2017-04-28,797636.6251025,,2076.2991092059383,
2017-05-01,1306699.366897,,73674.58817380467,
2017-05-02,907324.094113,,146191.8985329687,
2017-05-03,924247.257204,,35572.221958560505,
2017-05-04,716654.608983,,70135.30099674406,
2017-05-05,780798.407016,,-20942.100217703977,
2017-05-08,776307.495015,,29389.73687155427,
2017-05-09,715811.198881,,132618.32691308716,
2017-05-10,766101.907094,,100480.01193183915,
2017-05-11,648650.413039,,180157.70779844746,
2017-05-12,764812.415784,,129749.60048756246,
2017-05-15,823035.572122,,212779.22870152083,
2017-05-16,807803.8950783,,391392.78821029083,
2017-05-17,841407.607944,,459166.0938094908,
2017-05-18,628487.989962,,512442.3121645551,
2017-05-19,773775.4378677,,399160.5209764346,
2017-05-22,778935.156126,,104247.5280547263,
2017-05-23,723151.767982,,184892.46839872352,
2017-05-24,746303.6271255,,343515.75146496727,
2017-05-25,620108.24391,,277504.04152421805,
2017-05-26,984511.1521135,,-671037.6215274888,
2017-05-29,776813.137038,,267942.7259833715,
2017-05-30,742471.2769905,,146902.95681666734,
2017-05-31,858062.149411,,132446.89814528648,
2017-06-01,766859.172845,,-36401.60681851058,
2017-06-02,918421.319125,,23083.370876897112,
2017-06-05,912693.8511,,14170.03325970807,
2017-06-06,805546.647956,,-44635.382240105784,
2017-06-07,842979.8370823,,-32281.60521127646,
2017-06-08,667099.801025,,-130326.10212613585,
2017-06-09,795116.1360699,,-21358.37360711793,
2017-06-12,768349.7589517,,17063.77563736074,
2017-06-13,729412.959849,,-61833.841323834626,
2017-06-14,785885.9088963,,45270.513386324266,
2017-06-15,660338.346974,,-141616.44661159767,
2017-06-16,834786.4275550001,,-46551.675404952504,
2017-06-19,791146.393731,,-37707.6202517365,
2017-06-20,787326.7170395,,-86701.05013281865,
2017-06-21,766159.0112892,,-50013.53687980493,
2017-06-22,609868.8309586,,-164220.76957634336,
2017-06-23,761049.7450639,,-37790.4001289186,
2017-06-26,755367.8450665,,173180.83998488286,
2017-06-27,682218.468913,,66096.97600331435,
2017-06-28,731896.9850105,,72537.17826614714,
2017-06-29,630811.802872,,-50185.26093923791,
2017-06-30,802273.1392327,,67810.5162663143,
2017-07-03,925143.408816,,-64739.31735962398,
2017-07-04,832359.2860137,,45380.39533701142,
2017-07-05,844301.613116,,107301.54277080276,
2017-07-06,700272.0099567,,23941.583201131885,
2017-07-07,805792.302193,,54541.620867143225,
2017-07-10,804158.8610365,,9772.815525738042,
2017-07-11,730534.767701,,31375.388470288264,
2017-07-12,748799.9959087,,53166.76068957189,
2017-07-13,629651.3629294999,,-38494.44171865079,
2017-07-14,765489.6173932999,,31470.503240454607,
2017-07-17,818325.522149,,-21555.034181435083,
2017-07-18,730133.70894,,-26439.75937914058,
2017-07-19,767978.778078,,25887.518904270997,
2017-07-20,688288.067857,,-27188.83845227283,
2017-07-21,782418.2992188,,107188.53097548198,
2017-07-24,816564.327096,,74146.40631363411,
2017-07-25,713581.632609,,180399.0322073461,
2017-07-26,740653.044167,,153362.53662116354,
2017-07-27,659849.8270588,,22006.865073552923,
2017-07-28,835099.6822035,,76666.45800084084,
2017-07-31,885856.8408705,,16718.864765641032,
2017-08-01,988527.763204,,64593.411178832306,
2017-08-02,964712.016051,,45090.18425657753,
2017-08-03,728068.485132,,-46994.0077489254,
2017-08-04,827775.686128,,36133.41900511841,
2017-08-07,797464.963817,,-5952.637186613792,
2017-08-08,717766.3491055,,3986.90149406578,
2017-08-09,734139.67401,,72378.21976161578,
2017-08-10,651386.9119697,,-49048.58123114215,
2017-08-11,826373.722022,,15112.076980824568,
2017-08-14,760922.4060808,,-19885.85562058435,
2017-08-15,762661.935939,,-36352.29938926907,
